<?xml version="1.0" encoding="UTF-8" ?>
<!--//

choco
Copyright (c) 2008 Fabio Zendhi Nagao <http://zend.lojcomm.com.br/>

Permission is hereby granted, free of charge, to any person
obtaining a copy of this software and associated documentation
files (the "Software"), to deal in the Software without
restriction, including without limitation the rights to use,
copy, modify, merge, publish, distribute, sublicense, and/or sell
copies of the Software, and to permit persons to whom the
Software is furnished to do so, subject to the following
conditions:

The above copyright notice and this permission notice shall be
included in all copies or substantial portions of the Software.

THE SOFTWARE IS PROVIDED "AS IS", WITHOUT WARRANTY OF ANY KIND,
EXPRESS OR IMPLIED, INCLUDING BUT NOT LIMITED TO THE WARRANTIES
OF MERCHANTABILITY, FITNESS FOR A PARTICULAR PURPOSE AND
NONINFRINGEMENT. IN NO EVENT SHALL THE AUTHORS OR COPYRIGHT
HOLDERS BE LIABLE FOR ANY CLAIM, DAMAGES OR OTHER LIABILITY,
WHETHER IN AN ACTION OF CONTRACT, TORT OR OTHERWISE, ARISING
FROM, OUT OF OR IN CONNECTION WITH THE SOFTWARE OR THE USE OR
OTHER DEALINGS IN THE SOFTWARE.

Requirements:
    * This style is based on DejaVu fonts <http://dejavu.sourceforge.net/wiki/index.php/Main_Page>.
    * Notepad++, of course.

Installation:
    Copy this file to C:\Documents and Settings\%%USERNAME%%\Application Data\Notepad++\

About:
    This styler has been built by Textmate theme to Notepad++ styler <http://framework.lojcomm.com.br/tmTheme2nppStyler/>

Credits:
    Thanks for the original Textmate theme author.
    Thanks for Fabio Zendhi Nagao for the tmTheme2nppStyler.
    Thanks for the user for the tmTheme source.

					 2023-09-30: update Perl support.
//-->
<NotepadPlus>
    <LexerStyles>
        <LexerType name="c" desc="C" ext="">
            <WordsStyle name="PREPROCESSOR" styleID="9" fgColor="8996A8" bgColor="1A0F0B" fontName="" fontStyle="0" fontSize="10" />
            <WordsStyle name="DEFAULT" styleID="11" fgColor="C3BE98" bgColor="1A0F0B" fontName="" fontStyle="0" fontSize="10" />
            <WordsStyle name="INSTRUCTION WORD" styleID="5" fgColor="F1E694" bgColor="1A0F0B" fontName="" fontStyle="0" fontSize="10" keywordClass="instre1" />
            <WordsStyle name="TYPE WORD" styleID="16" fgColor="B3935C" bgColor="1A0F0B" fontName="" fontStyle="0" fontSize="10" keywordClass="type1" />
            <WordsStyle name="NUMBER" styleID="4" fgColor="DA5659" bgColor="1A0F0B" fontName="" fontStyle="0" fontSize="10" />
            <WordsStyle name="STRING" styleID="6" fgColor="7CA563" bgColor="1A0F0B" fontName="" fontStyle="0" fontSize="10" />
            <WordsStyle name="CHARACTER" styleID="7" fgColor="7CA563" bgColor="1A0F0B" fontName="" fontStyle="0" fontSize="10" />
            <WordsStyle name="OPERATOR" styleID="10" fgColor="B3935C" bgColor="1A0F0B" fontName="" fontStyle="0" fontSize="10" />
            <WordsStyle name="VERBATIM" styleID="13" fgColor="DA5659" bgColor="1A0F0B" fontName="" fontStyle="0" fontSize="10" />
            <WordsStyle name="REGEX" styleID="14" fgColor="E9C062" bgColor="1A0F0B" fontName="" fontStyle="0" fontSize="10" />
            <WordsStyle name="COMMENT" styleID="1" fgColor="679D47" bgColor="1A0F0B" fontName="" fontStyle="0" fontSize="10" />
            <WordsStyle name="COMMENT LINE" styleID="2" fgColor="679D47" bgColor="1A0F0B" fontName="" fontStyle="0" fontSize="10" />
            <WordsStyle name="COMMENT DOC" styleID="3" fgColor="679D47" bgColor="1A0F0B" fontName="" fontStyle="0" fontSize="10" />
            <WordsStyle name="COMMENT LINE DOC" styleID="15" fgColor="679D47" bgColor="1A0F0B" fontName="" fontStyle="0" fontSize="10" />
            <WordsStyle name="COMMENT DOC KEYWORD" styleID="17" fgColor="679D47" bgColor="1A0F0B" fontName="" fontStyle="0" fontSize="10" />
            <WordsStyle name="COMMENT DOC KEYWORD ERROR" styleID="18" fgColor="679D47" bgColor="1A0F0B" fontName="" fontStyle="0" fontSize="10" />
        </LexerType>
        <LexerType name="cpp" desc="C++" ext="">
            <WordsStyle name="PREPROCESSOR" styleID="9" fgColor="8996A8" bgColor="1A0F0B" fontName="" fontStyle="0" fontSize="10" />
            <WordsStyle name="DEFAULT" styleID="11" fgColor="C3BE98" bgColor="1A0F0B" fontName="" fontStyle="0" fontSize="10" />
            <WordsStyle name="INSTRUCTION WORD" styleID="5" fgColor="F1E694" bgColor="1A0F0B" fontName="" fontStyle="0" fontSize="10" keywordClass="instre1" />
            <WordsStyle name="TYPE WORD" styleID="16" fgColor="B3935C" bgColor="1A0F0B" fontName="" fontStyle="0" fontSize="10" keywordClass="type1" />
            <WordsStyle name="NUMBER" styleID="4" fgColor="DA5659" bgColor="1A0F0B" fontName="" fontStyle="0" fontSize="10" />
            <WordsStyle name="STRING" styleID="6" fgColor="7CA563" bgColor="1A0F0B" fontName="" fontStyle="0" fontSize="10" />
            <WordsStyle name="CHARACTER" styleID="7" fgColor="7CA563" bgColor="1A0F0B" fontName="" fontStyle="0" fontSize="10" />
            <WordsStyle name="OPERATOR" styleID="10" fgColor="B3935C" bgColor="1A0F0B" fontName="" fontStyle="0" fontSize="10" />
            <WordsStyle name="VERBATIM" styleID="13" fgColor="DA5659" bgColor="1A0F0B" fontName="" fontStyle="0" fontSize="10" />
            <WordsStyle name="REGEX" styleID="14" fgColor="E9C062" bgColor="1A0F0B" fontName="" fontStyle="0" fontSize="10" />
            <WordsStyle name="COMMENT" styleID="1" fgColor="679D47" bgColor="1A0F0B" fontName="" fontStyle="0" fontSize="10" />
            <WordsStyle name="COMMENT LINE" styleID="2" fgColor="679D47" bgColor="1A0F0B" fontName="" fontStyle="0" fontSize="10" />
            <WordsStyle name="COMMENT DOC" styleID="3" fgColor="679D47" bgColor="1A0F0B" fontName="" fontStyle="0" fontSize="10" />
            <WordsStyle name="COMMENT LINE DOC" styleID="15" fgColor="679D47" bgColor="1A0F0B" fontName="" fontStyle="0" fontSize="10" />
            <WordsStyle name="COMMENT DOC KEYWORD" styleID="17" fgColor="679D47" bgColor="1A0F0B" fontName="" fontStyle="0" fontSize="10" />
            <WordsStyle name="COMMENT DOC KEYWORD ERROR" styleID="18" fgColor="679D47" bgColor="1A0F0B" fontName="" fontStyle="0" fontSize="10" />
        </LexerType>
        <LexerType name="java" desc="Java" ext="">
            <WordsStyle name="DEFAULT" styleID="11" fgColor="C3BE98" bgColor="1A0F0B" fontName="" fontStyle="0" fontSize="10" />
            <WordsStyle name="INSTRUCTION WORD" styleID="5" fgColor="F1E694" bgColor="1A0F0B" fontName="" fontStyle="0" fontSize="10" keywordClass="instre1" />
            <WordsStyle name="TYPE WORD" styleID="16" fgColor="B3935C" bgColor="1A0F0B" fontName="" fontStyle="0" fontSize="10" keywordClass="type1" />
            <WordsStyle name="NUMBER" styleID="4" fgColor="DA5659" bgColor="1A0F0B" fontName="" fontStyle="0" fontSize="10" />
            <WordsStyle name="STRING" styleID="6" fgColor="7CA563" bgColor="1A0F0B" fontName="" fontStyle="0" fontSize="10" />
            <WordsStyle name="CHARACTER" styleID="7" fgColor="7CA563" bgColor="1A0F0B" fontName="" fontStyle="0" fontSize="10" />
            <WordsStyle name="OPERATOR" styleID="10" fgColor="B3935C" bgColor="1A0F0B" fontName="" fontStyle="0" fontSize="10" />
            <WordsStyle name="VERBATIM" styleID="13" fgColor="DA5659" bgColor="1A0F0B" fontName="" fontStyle="0" fontSize="10" />
            <WordsStyle name="REGEX" styleID="14" fgColor="E9C062" bgColor="1A0F0B" fontName="" fontStyle="0" fontSize="10" />
            <WordsStyle name="COMMENT" styleID="1" fgColor="679D47" bgColor="1A0F0B" fontName="" fontStyle="0" fontSize="10" />
            <WordsStyle name="COMMENT LINE" styleID="2" fgColor="679D47" bgColor="1A0F0B" fontName="" fontStyle="0" fontSize="10" />
            <WordsStyle name="COMMENT DOC" styleID="3" fgColor="679D47" bgColor="1A0F0B" fontName="" fontStyle="0" fontSize="10" />
            <WordsStyle name="COMMENT LINE DOC" styleID="15" fgColor="679D47" bgColor="1A0F0B" fontName="" fontStyle="0" fontSize="10" />
            <WordsStyle name="COMMENT DOC KEYWORD" styleID="17" fgColor="679D47" bgColor="1A0F0B" fontName="" fontStyle="0" fontSize="10" />
            <WordsStyle name="COMMENT DOC KEYWORD ERROR" styleID="18" fgColor="679D47" bgColor="1A0F0B" fontName="" fontStyle="0" fontSize="10" />
        </LexerType>
        <LexerType name="cs" desc="C#" ext="">
            <WordsStyle name="PREPROCESSOR" styleID="9" fgColor="8996A8" bgColor="1A0F0B" fontName="" fontStyle="0" fontSize="10" />
            <WordsStyle name="DEFAULT" styleID="11" fgColor="C3BE98" bgColor="1A0F0B" fontName="" fontStyle="0" fontSize="10" />
            <WordsStyle name="INSTRUCTION WORD" styleID="5" fgColor="F1E694" bgColor="1A0F0B" fontName="" fontStyle="0" fontSize="10" keywordClass="instre1" />
            <WordsStyle name="TYPE WORD" styleID="16" fgColor="B3935C" bgColor="1A0F0B" fontName="" fontStyle="0" fontSize="10" keywordClass="type1" />
            <WordsStyle name="NUMBER" styleID="4" fgColor="DA5659" bgColor="1A0F0B" fontName="" fontStyle="0" fontSize="10" />
            <WordsStyle name="STRING" styleID="6" fgColor="7CA563" bgColor="1A0F0B" fontName="" fontStyle="0" fontSize="10" />
            <WordsStyle name="CHARACTER" styleID="7" fgColor="7CA563" bgColor="1A0F0B" fontName="" fontStyle="0" fontSize="10" />
            <WordsStyle name="OPERATOR" styleID="10" fgColor="B3935C" bgColor="1A0F0B" fontName="" fontStyle="0" fontSize="10" />
            <WordsStyle name="VERBATIM" styleID="13" fgColor="DA5659" bgColor="1A0F0B" fontName="" fontStyle="0" fontSize="10" />
            <WordsStyle name="REGEX" styleID="14" fgColor="E9C062" bgColor="1A0F0B" fontName="" fontStyle="0" fontSize="10" />
            <WordsStyle name="COMMENT" styleID="1" fgColor="679D47" bgColor="1A0F0B" fontName="" fontStyle="0" fontSize="10" />
            <WordsStyle name="COMMENT LINE" styleID="2" fgColor="679D47" bgColor="1A0F0B" fontName="" fontStyle="0" fontSize="10" />
            <WordsStyle name="COMMENT DOC" styleID="3" fgColor="679D47" bgColor="1A0F0B" fontName="" fontStyle="0" fontSize="10" />
            <WordsStyle name="COMMENT LINE DOC" styleID="15" fgColor="679D47" bgColor="1A0F0B" fontName="" fontStyle="0" fontSize="10" />
            <WordsStyle name="COMMENT DOC KEYWORD" styleID="17" fgColor="679D47" bgColor="1A0F0B" fontName="" fontStyle="0" fontSize="10" />
            <WordsStyle name="COMMENT DOC KEYWORD ERROR" styleID="18" fgColor="679D47" bgColor="1A0F0B" fontName="" fontStyle="0" fontSize="10" />
        </LexerType>
        <LexerType name="rc" desc="RC" ext="">
            <WordsStyle name="PREPROCESSOR" styleID="9" fgColor="8996A8" bgColor="1A0F0B" fontName="" fontStyle="0" fontSize="10" />
            <WordsStyle name="DEFAULT" styleID="11" fgColor="C3BE98" bgColor="1A0F0B" fontName="" fontStyle="0" fontSize="10" />
            <WordsStyle name="INSTRUCTION WORD" styleID="5" fgColor="F1E694" bgColor="1A0F0B" fontName="" fontStyle="0" fontSize="10" keywordClass="instre1" />
            <WordsStyle name="TYPE WORD" styleID="16" fgColor="B3935C" bgColor="1A0F0B" fontName="" fontStyle="0" fontSize="10" />
            <WordsStyle name="NUMBER" styleID="4" fgColor="DA5659" bgColor="1A0F0B" fontName="" fontStyle="0" fontSize="10" />
            <WordsStyle name="STRING" styleID="6" fgColor="7CA563" bgColor="1A0F0B" fontName="" fontStyle="0" fontSize="10" />
            <WordsStyle name="CHARACTER" styleID="7" fgColor="7CA563" bgColor="1A0F0B" fontName="" fontStyle="0" fontSize="10" />
            <WordsStyle name="OPERATOR" styleID="10" fgColor="B3935C" bgColor="1A0F0B" fontName="" fontStyle="0" fontSize="10" />
            <WordsStyle name="VERBATIM" styleID="13" fgColor="DA5659" bgColor="1A0F0B" fontName="" fontStyle="0" fontSize="10" />
            <WordsStyle name="REGEX" styleID="14" fgColor="E9C062" bgColor="1A0F0B" fontName="" fontStyle="0" fontSize="10" />
            <WordsStyle name="COMMENT" styleID="1" fgColor="679D47" bgColor="1A0F0B" fontName="" fontStyle="0" fontSize="10" />
            <WordsStyle name="COMMENT LINE" styleID="2" fgColor="679D47" bgColor="1A0F0B" fontName="" fontStyle="0" fontSize="10" />
            <WordsStyle name="COMMENT DOC" styleID="3" fgColor="679D47" bgColor="1A0F0B" fontName="" fontStyle="0" fontSize="10" />
            <WordsStyle name="COMMENT LINE DOC" styleID="15" fgColor="679D47" bgColor="1A0F0B" fontName="" fontStyle="0" fontSize="10" />
            <WordsStyle name="COMMENT DOC KEYWORD" styleID="17" fgColor="679D47" bgColor="1A0F0B" fontName="" fontStyle="0" fontSize="10" />
            <WordsStyle name="COMMENT DOC KEYWORD ERROR" styleID="18" fgColor="679D47" bgColor="1A0F0B" fontName="" fontStyle="0" fontSize="10" />
        </LexerType>
        <LexerType name="tcl" desc="TCL" ext="">
            <WordsStyle name="PREPROCESSOR" styleID="9" fgColor="8996A8" bgColor="1A0F0B" fontName="" fontStyle="0" fontSize="10" />
            <WordsStyle name="DEFAULT" styleID="11" fgColor="C3BE98" bgColor="1A0F0B" fontName="" fontStyle="0" fontSize="10" />
            <WordsStyle name="INSTRUCTION WORD" styleID="5" fgColor="F1E694" bgColor="1A0F0B" fontName="" fontStyle="0" fontSize="10" keywordClass="instre1" />
            <WordsStyle name="TYPE WORD" styleID="16" fgColor="B3935C" bgColor="1A0F0B" fontName="" fontStyle="0" fontSize="10" keywordClass="type1" />
            <WordsStyle name="NUMBER" styleID="4" fgColor="DA5659" bgColor="1A0F0B" fontName="" fontStyle="0" fontSize="10" />
            <WordsStyle name="STRING" styleID="6" fgColor="7CA563" bgColor="1A0F0B" fontName="" fontStyle="0" fontSize="10" />
            <WordsStyle name="CHARACTER" styleID="7" fgColor="7CA563" bgColor="1A0F0B" fontName="" fontStyle="0" fontSize="10" />
            <WordsStyle name="OPERATOR" styleID="10" fgColor="B3935C" bgColor="1A0F0B" fontName="" fontStyle="0" fontSize="10" />
            <WordsStyle name="VERBATIM" styleID="13" fgColor="DA5659" bgColor="1A0F0B" fontName="" fontStyle="0" fontSize="10" />
            <WordsStyle name="REGEX" styleID="14" fgColor="E9C062" bgColor="1A0F0B" fontName="" fontStyle="0" fontSize="10" />
            <WordsStyle name="COMMENT" styleID="1" fgColor="679D47" bgColor="1A0F0B" fontName="" fontStyle="0" fontSize="10" />
            <WordsStyle name="COMMENT LINE" styleID="2" fgColor="679D47" bgColor="1A0F0B" fontName="" fontStyle="0" fontSize="10" />
            <WordsStyle name="COMMENT DOC" styleID="3" fgColor="679D47" bgColor="1A0F0B" fontName="" fontStyle="0" fontSize="10" />
            <WordsStyle name="COMMENT LINE DOC" styleID="15" fgColor="679D47" bgColor="1A0F0B" fontName="" fontStyle="0" fontSize="10" />
            <WordsStyle name="COMMENT DOC KEYWORD" styleID="17" fgColor="679D47" bgColor="1A0F0B" fontName="" fontStyle="0" fontSize="10" />
            <WordsStyle name="COMMENT DOC KEYWORD ERROR" styleID="18" fgColor="679D47" bgColor="1A0F0B" fontName="" fontStyle="0" fontSize="10" />
        </LexerType>
        <LexerType name="objc" desc="Objective-C" ext="">
            <WordsStyle name="DIRECTIVE" styleID="19" fgColor="B3935C" bgColor="1A0F0B" fontName="" fontStyle="0" fontSize="10" keywordClass="instre2" />
            <WordsStyle name="DEFAULT" styleID="11" fgColor="C3BE98" bgColor="1A0F0B" fontName="" fontStyle="0" fontSize="10" />
            <WordsStyle name="QUALIFIER" styleID="20" fgColor="C3BE98" bgColor="1A0F0B" fontName="" fontStyle="0" fontSize="10" keywordClass="type2" />
            <WordsStyle name="PREPROCESSOR" styleID="9" fgColor="8996A8" bgColor="1A0F0B" fontName="" fontStyle="0" fontSize="10" />
            <WordsStyle name="INSTRUCTION WORD" styleID="5" fgColor="F1E694" bgColor="1A0F0B" fontName="" fontStyle="0" fontSize="10" keywordClass="instre1" />
            <WordsStyle name="TYPE WORD" styleID="16" fgColor="B3935C" bgColor="1A0F0B" fontName="" fontStyle="0" fontSize="10" keywordClass="type1" />
            <WordsStyle name="NUMBER" styleID="4" fgColor="DA5659" bgColor="1A0F0B" fontName="" fontStyle="0" fontSize="10" />
            <WordsStyle name="STRING" styleID="6" fgColor="7CA563" bgColor="1A0F0B" fontName="" fontStyle="0" fontSize="10" />
            <WordsStyle name="CHARACTER" styleID="7" fgColor="7CA563" bgColor="1A0F0B" fontName="" fontStyle="0" fontSize="10" />
            <WordsStyle name="OPERATOR" styleID="10" fgColor="B3935C" bgColor="1A0F0B" fontName="" fontStyle="0" fontSize="10" />
            <WordsStyle name="VERBATIM" styleID="13" fgColor="DA5659" bgColor="1A0F0B" fontName="" fontStyle="0" fontSize="10" />
            <WordsStyle name="REGEX" styleID="14" fgColor="E9C062" bgColor="1A0F0B" fontName="" fontStyle="0" fontSize="10" />
            <WordsStyle name="COMMENT" styleID="1" fgColor="679D47" bgColor="1A0F0B" fontName="" fontStyle="0" fontSize="10" />
            <WordsStyle name="COMMENT LINE" styleID="2" fgColor="679D47" bgColor="1A0F0B" fontName="" fontStyle="0" fontSize="10" />
            <WordsStyle name="COMMENT DOC" styleID="3" fgColor="679D47" bgColor="1A0F0B" fontName="" fontStyle="0" fontSize="10" />
            <WordsStyle name="COMMENT LINE DOC" styleID="15" fgColor="679D47" bgColor="1A0F0B" fontName="" fontStyle="0" fontSize="10" />
            <WordsStyle name="COMMENT DOC KEYWORD" styleID="17" fgColor="679D47" bgColor="1A0F0B" fontName="" fontStyle="0" fontSize="10" />
            <WordsStyle name="COMMENT DOC KEYWORD ERROR" styleID="18" fgColor="679D47" bgColor="1A0F0B" fontName="" fontStyle="0" fontSize="10" />
        </LexerType>
        <LexerType name="sql" desc="SQL" ext="">
            <WordsStyle name="KEYWORD" styleID="5" fgColor="B3935C" bgColor="1A0F0B" fontName="" fontStyle="0" fontSize="10" keywordClass="instre1" />
            <WordsStyle name="USER1" styleID="16" fgColor="B3935C" bgColor="1A0F0B" fontName="" fontStyle="0" fontSize="10" keywordClass="instre2" />
            <WordsStyle name="KEYWORD2" styleID="19" fgColor="FF8080" bgColor="1A0F0B" fontName="" fontStyle="0" fontSize="10" keywordClass="type3" />
            <WordsStyle name="NUMBER" styleID="4" fgColor="DA5659" bgColor="1A0F0B" fontName="" fontStyle="0" fontSize="10" />
            <WordsStyle name="STRING" styleID="6" fgColor="7CA563" bgColor="1A0F0B" fontName="" fontStyle="0" fontSize="10">ooooo</WordsStyle>
            <WordsStyle name="STRING2" styleID="7" fgColor="7CA563" bgColor="1A0F0B" fontName="" fontStyle="0" fontSize="10" />
            <WordsStyle name="OPERATOR" styleID="10" fgColor="B3935C" bgColor="1A0F0B" fontName="" fontStyle="0" fontSize="10" />
            <WordsStyle name="COMMENT" styleID="1" fgColor="679D47" bgColor="1A0F0B" fontName="" fontStyle="0" fontSize="10" />
            <WordsStyle name="COMMENT LINE" styleID="2" fgColor="679D47" bgColor="1A0F0B" fontName="" fontStyle="0" fontSize="10" />
            <WordsStyle name="COMMENT DOC" styleID="3" fgColor="679D47" bgColor="1A0F0B" fontName="" fontStyle="0" fontSize="10" />
            <WordsStyle name="Q OPERATOR" styleID="24" fgColor="7CA563" bgColor="1A0F0B" fontName="" fontStyle="0" fontSize="10">ooooo</WordsStyle>
        </LexerType>
        <LexerType name="html" desc="HTML" ext="">
            <WordsStyle name="DEFAULT" styleID="0" fgColor="C3BE98" bgColor="1A0F0B" fontName="" fontStyle="0" fontSize="10" />
            <WordsStyle name="COMMENT" styleID="9" fgColor="679D47" bgColor="1A0F0B" fontName="" fontStyle="0" fontSize="10" />
            <WordsStyle name="NUMBER" styleID="5" fgColor="DA5659" bgColor="1A0F0B" fontName="" fontStyle="0" fontSize="10" />
            <WordsStyle name="DOUBLESTRING" styleID="6" fgColor="7CA563" bgColor="1A0F0B" fontName="" fontStyle="0" fontSize="10" />
            <WordsStyle name="SINGLESTRING" styleID="7" fgColor="7CA563" bgColor="1A0F0B" fontName="" fontStyle="0" fontSize="10" />
            <WordsStyle name="TAG" styleID="1" fgColor="6D4C2F" bgColor="1A0F0B" fontName="" fontStyle="0" fontSize="10" />
            <WordsStyle name="TAGEND" styleID="11" fgColor="6D4C2F" bgColor="1A0F0B" fontName="" fontStyle="0" fontSize="10" />
            <WordsStyle name="TAGUNKNOWN" styleID="2" fgColor="6D4C2F" bgColor="1A0F0B" fontName="" fontStyle="0" fontSize="10" />
            <WordsStyle name="ATTRIBUTE" styleID="3" fgColor="6D4C2F" bgColor="1A0F0B" fontName="" fontStyle="0" fontSize="10" />
            <WordsStyle name="ATTRIBUTEUNKNOWN" styleID="4" fgColor="6D4C2F" bgColor="1A0F0B" fontName="" fontStyle="0" fontSize="10" />
            <WordsStyle name="SGMLDEFAULT" styleID="21" fgColor="7CA563" bgColor="1A0F0B" fontName="" fontStyle="0" fontSize="10" />
            <WordsStyle name="CDATA" styleID="17" fgColor="DA5659" bgColor="1A0F0B" fontName="" fontStyle="0" fontSize="10" />
            <WordsStyle name="VALUE" styleID="19" fgColor="DA5659" bgColor="1A0F0B" fontName="" fontStyle="0" fontSize="10" />
            <WordsStyle name="ENTITY" styleID="10" fgColor="DA5659" bgColor="1A0F0B" fontName="" fontStyle="0" fontSize="10" />
        </LexerType>
        <LexerType name="php" desc="php" ext="">
            <WordsStyle name="QUESTION MARK" styleID="18" fgColor="C3BE98" bgColor="1A0F0B" fontName="" fontStyle="0" fontSize="10" />
            <WordsStyle name="DEFAULT" styleID="118" fgColor="C3BE98" bgColor="1A0F0B" fontName="" fontStyle="0" fontSize="10" />
            <WordsStyle name="STRING" styleID="119" fgColor="7CA563" bgColor="1A0F0B" fontName="" fontStyle="0" fontSize="10" />
            <WordsStyle name="STRING VARIABLE" styleID="126" fgColor="7CA563" bgColor="1A0F0B" fontName="" fontStyle="0" fontSize="10" />
            <WordsStyle name="SIMPLESTRING" styleID="120" fgColor="7CA563" bgColor="1A0F0B" fontName="" fontStyle="0" fontSize="10" />
            <WordsStyle name="WORD" styleID="121" fgColor="B3935C" bgColor="1A0F0B" fontName="" fontStyle="0" fontSize="10" keywordClass="instre1" />
            <WordsStyle name="NUMBER" styleID="122" fgColor="DA5659" bgColor="1A0F0B" fontName="" fontStyle="0" fontSize="10" />
            <WordsStyle name="VARIABLE" styleID="123" fgColor="7989A6" bgColor="1A0F0B" fontName="" fontStyle="0" fontSize="10" />
            <WordsStyle name="COMMENT" styleID="124" fgColor="679D47" bgColor="1A0F0B" fontName="" fontStyle="0" fontSize="10" />
            <WordsStyle name="COMMENTLINE" styleID="125" fgColor="679D47" bgColor="1A0F0B" fontName="" fontStyle="0" fontSize="10" />
            <WordsStyle name="OPERATOR" styleID="127" fgColor="B3935C" bgColor="1A0F0B" fontName="" fontStyle="0" fontSize="10" />
        </LexerType>
        <LexerType name="javascript" desc="JavaScript" ext="">
            <WordsStyle name="DEFAULT" styleID="41" fgColor="C3BE98" bgColor="1A0F0B" fontName="" fontStyle="0" fontSize="10" />
            <WordsStyle name="NUMBER" styleID="45" fgColor="DA5659" bgColor="1A0F0B" fontName="" fontStyle="0" fontSize="10" />
            <WordsStyle name="WORD" styleID="46" fgColor="C3BE98" bgColor="1A0F0B" fontName="" fontStyle="0" fontSize="10" />
            <WordsStyle name="KEYWORD" styleID="47" fgColor="B3935C" bgColor="1A0F0B" fontName="" fontStyle="0" fontSize="10" keywordClass="instre1" />
            <WordsStyle name="STRINGRAW" styleID="20" fgColor="7CA563" bgColor="1A0F0B" fontName="" fontStyle="0" fontSize="" />
            <WordsStyle name="DOUBLESTRING" styleID="48" fgColor="7CA563" bgColor="1A0F0B" fontName="" fontStyle="0" fontSize="10" />
            <WordsStyle name="SINGLESTRING" styleID="49" fgColor="7CA563" bgColor="1A0F0B" fontName="" fontStyle="0" fontSize="10" />
            <WordsStyle name="SYMBOLS" styleID="50" fgColor="C3BE98" bgColor="1A0F0B" fontName="" fontStyle="0" fontSize="10" />
            <WordsStyle name="STRINGEOL" styleID="51" fgColor="7CA563" bgColor="1A0F0B" fontName="" fontStyle="0" fontSize="10" />
            <WordsStyle name="REGEX" styleID="52" fgColor="E9C062" bgColor="1A0F0B" fontName="" fontStyle="0" fontSize="10" />
            <WordsStyle name="COMMENT" styleID="42" fgColor="679D47" bgColor="1A0F0B" fontName="" fontStyle="0" fontSize="10" />
            <WordsStyle name="COMMENTLINE" styleID="43" fgColor="679D47" bgColor="1A0F0B" fontName="" fontStyle="0" fontSize="10" />
            <WordsStyle name="COMMENTDOC" styleID="44" fgColor="679D47" bgColor="1A0F0B" fontName="" fontStyle="0" fontSize="10" />
        </LexerType>
        <LexerType name="json" desc="JSON" ext="">
            <WordsStyle name="DEFAULT" styleID="0" fgColor="C3BE98" bgColor="1A0F0B" fontName="" fontStyle="0" fontSize="" />
            <WordsStyle name="NUMBER" styleID="1" fgColor="FF8000" bgColor="1A0F0B" fontName="" fontStyle="0" fontSize="" />
            <WordsStyle name="STRING" styleID="2" fgColor="DCDCCC" bgColor="1A0F0B" fontName="" fontStyle="0" fontSize="" />
            <WordsStyle name="STRING EOL" styleID="3" fgColor="808080" bgColor="1A0F0B" fontName="" fontStyle="0" fontSize="" />
            <WordsStyle name="PROPERTY NAME" styleID="4" fgColor="8CD0D3" bgColor="1A0F0B" fontName="" fontStyle="0" fontSize="" />
            <WordsStyle name="ESCAPE SEQUENCE" styleID="5" fgColor="0000FF" bgColor="1A0F0B" fontName="" fontStyle="1" fontSize="" />
            <WordsStyle name="LINE COMMENT" styleID="6" fgColor="008000" bgColor="1A0F0B" fontName="" fontStyle="0" fontSize="" />
            <WordsStyle name="BLOCK COMMENT" styleID="7" fgColor="008000" bgColor="1A0F0B" fontName="" fontStyle="0" fontSize="" />
            <WordsStyle name="OPERATOR" styleID="8" fgColor="E3CEAB" bgColor="1A0F0B" fontName="" fontStyle="0" fontSize="" />
            <WordsStyle name="URI" styleID="9" fgColor="FFFF80" bgColor="1A0F0B" fontName="" fontStyle="0" fontSize="" />
            <WordsStyle name="COMPACT IRI" styleID="10" fgColor="0000FF" bgColor="1A0F0B" fontName="" fontStyle="1" fontSize="" />
            <WordsStyle name="KEYWORD" styleID="11" fgColor="18AF8A" bgColor="1A0F0B" fontName="" fontStyle="1" fontSize="" keywordClass="instre1"/>
            <WordsStyle name="LD KEYWORD" styleID="12" fgColor="FF0000" bgColor="1A0F0B" fontName="" fontStyle="0" fontSize="" keywordClass="instre2" />
            <WordsStyle name="ERROR" styleID="13" fgColor="FFFF80" bgColor="FF0000" fontName="" fontStyle="0" fontSize="" />		
		</LexerType>
        <LexerType name="asp" desc="asp" ext="asp">
            <WordsStyle name="DEFAULT" styleID="81" fgColor="C3BE98" bgColor="1A0F0B" fontName="" fontStyle="0" fontSize="10" />
            <WordsStyle name="COMMENTLINE" styleID="82" fgColor="679D47" bgColor="1A0F0B" fontName="" fontStyle="0" fontSize="10" />
            <WordsStyle name="NUMBER" styleID="83" fgColor="DA5659" bgColor="1A0F0B" fontName="" fontStyle="0" fontSize="10" />
            <WordsStyle name="WORD" styleID="84" fgColor="B3935C" bgColor="1A0F0B" fontName="" fontStyle="0" fontSize="10" keywordClass="instre1" />
            <WordsStyle name="STRING" styleID="85" fgColor="7CA563" bgColor="1A0F0B" fontName="" fontStyle="0" fontSize="10" />
            <WordsStyle name="STRINGEOL" styleID="87" fgColor="7CA563" bgColor="1A0F0B" fontName="" fontStyle="0" fontSize="10" />
            <WordsStyle name="IDENTIFIER" styleID="86" fgColor="D77261" bgColor="1A0F0B" fontName="" fontStyle="0" fontSize="10" />
            <WordsStyle name="ASPSYMBOL" styleID="15" fgColor="C3BE98" bgColor="1A0F0B" fontName="" fontStyle="0" fontSize="10" />
            <WordsStyle name="SCRIPTTYPE" styleID="16" fgColor="C3BE98" bgColor="1A0F0B" fontName="" fontStyle="0" fontSize="10" />
        </LexerType>
        <LexerType name="xml" desc="XML" ext="">
            <WordsStyle name="XMLSTART" styleID="12" fgColor="494949" bgColor="1A0F0B" fontName="" fontStyle="0" fontSize="10" />
            <WordsStyle name="XMLEND" styleID="13" fgColor="494949" bgColor="1A0F0B" fontName="" fontStyle="0" fontSize="10" />
            <WordsStyle name="DEFAULT" styleID="0" fgColor="C3BE98" bgColor="1A0F0B" fontName="" fontStyle="0" fontSize="10" />
            <WordsStyle name="COMMENT" styleID="9" fgColor="679D47" bgColor="1A0F0B" fontName="" fontStyle="0" fontSize="10" />
            <WordsStyle name="NUMBER" styleID="5" fgColor="DA5659" bgColor="1A0F0B" fontName="" fontStyle="0" fontSize="10" />
            <WordsStyle name="DOUBLESTRING" styleID="6" fgColor="7CA563" bgColor="1A0F0B" fontName="" fontStyle="0" fontSize="10" />
            <WordsStyle name="SINGLESTRING" styleID="7" fgColor="7CA563" bgColor="1A0F0B" fontName="" fontStyle="0" fontSize="10" />
            <WordsStyle name="TAG" styleID="1" fgColor="6D4C2F" bgColor="1A0F0B" fontName="" fontStyle="0" fontSize="10" />
            <WordsStyle name="TAGEND" styleID="11" fgColor="6D4C2F" bgColor="1A0F0B" fontName="" fontStyle="0" fontSize="10" />
            <WordsStyle name="TAGUNKNOWN" styleID="2" fgColor="6D4C2F" bgColor="1A0F0B" fontName="" fontStyle="0" fontSize="10" />
            <WordsStyle name="ATTRIBUTE" styleID="3" fgColor="6D4C2F" bgColor="1A0F0B" fontName="" fontStyle="0" fontSize="10" />
            <WordsStyle name="ATTRIBUTEUNKNOWN" styleID="4" fgColor="6D4C2F" bgColor="1A0F0B" fontName="" fontStyle="0" fontSize="10" />
            <WordsStyle name="SGMLDEFAULT" styleID="21" fgColor="7CA563" bgColor="1A0F0B" fontName="" fontStyle="0" fontSize="10" />
            <WordsStyle name="CDATA" styleID="17" fgColor="DA5659" bgColor="1A0F0B" fontName="" fontStyle="0" fontSize="10" />
            <WordsStyle name="ENTITY" styleID="10" fgColor="DA5659" bgColor="1A0F0B" fontName="" fontStyle="0" fontSize="10" />
        </LexerType>
        <LexerType name="ini" desc="ini file" ext="">
            <WordsStyle name="DEFAULT" styleID="0" fgColor="C3BE98" bgColor="1A0F0B" fontName="" fontStyle="0" fontSize="10" />
            <WordsStyle name="COMMENT" styleID="1" fgColor="679D47" bgColor="1A0F0B" fontName="" fontStyle="0" fontSize="10" />
            <WordsStyle name="SECTION" styleID="2" fgColor="6D4C2F" bgColor="1A0F0B" fontName="" fontStyle="0" fontSize="10" />
            <WordsStyle name="ASSIGNMENT" styleID="3" fgColor="B3935C" bgColor="1A0F0B" fontName="" fontStyle="0" fontSize="10" />
            <WordsStyle name="DEFVAL" styleID="4" fgColor="6D4C2F" bgColor="1A0F0B" fontName="" fontStyle="0" fontSize="10" />
        </LexerType>
        <LexerType name="props" desc="Properties file" ext="">
            <WordsStyle name="DEFAULT" styleID="0" fgColor="C3BE98" bgColor="1A0F0B" fontName="" fontStyle="0" fontSize="10" />
            <WordsStyle name="COMMENT" styleID="1" fgColor="679D47" bgColor="1A0F0B" fontName="" fontStyle="0" fontSize="10" />
            <WordsStyle name="ASSIGNMENT" styleID="3" fgColor="B3935C" bgColor="1A0F0B" fontName="" fontStyle="0" fontSize="10" />
            <WordsStyle name="DEFVAL" styleID="4" fgColor="6D4C2F" bgColor="1A0F0B" fontName="" fontStyle="0" fontSize="10" />
        </LexerType>
        <LexerType name="diff" desc="DIFF" ext="">
            <WordsStyle name="DEFAULT" styleID="0" fgColor="C3BE98" bgColor="1A0F0B" fontName="" fontStyle="0" fontSize="10" />
            <WordsStyle name="COMMENT" styleID="1" fgColor="679D47" bgColor="1A0F0B" fontName="" fontStyle="0" fontSize="10" />
            <WordsStyle name="COMMAND" styleID="2" fgColor="D77261" bgColor="1A0F0B" fontName="" fontStyle="0" fontSize="10" />
            <WordsStyle name="HEADER" styleID="3" fgColor="C3BE98" bgColor="1A0F0B" fontName="" fontStyle="0" fontSize="10" />
            <WordsStyle name="POSITION" styleID="4" fgColor="C3BE98" bgColor="1A0F0B" fontName="" fontStyle="0" fontSize="10" />
            <WordsStyle name="DELETED" styleID="5" fgColor="C3BE98" bgColor="1A0F0B" fontName="" fontStyle="0" fontSize="10" />
            <WordsStyle name="ADDED" styleID="6" fgColor="C3BE98" bgColor="1A0F0B" fontName="" fontStyle="0" fontSize="10" />
        </LexerType>
        <LexerType name="nfo" desc="Dos Style" ext="">
            <WordsStyle name="DEFAULT" styleID="32" fgColor="C3BE98" bgColor="1A0F0B" fontSize="" fontStyle="0" />
        </LexerType>
        <LexerType name="makefile" desc="Makefile" ext="">
            <WordsStyle name="DEFAULT" styleID="0" fgColor="C3BE98" bgColor="1A0F0B" fontName="" fontStyle="0" fontSize="10" />
            <WordsStyle name="COMMENT" styleID="1" fgColor="679D47" bgColor="1A0F0B" fontName="" fontStyle="0" fontSize="10" />
            <WordsStyle name="PREPROCESSOR" styleID="2" fgColor="8996A8" bgColor="1A0F0B" fontName="" fontStyle="0" fontSize="10" />
            <WordsStyle name="IDENTIFIER" styleID="3" fgColor="D77261" bgColor="1A0F0B" fontName="" fontStyle="0" fontSize="10" />
            <WordsStyle name="OPERATOR" styleID="4" fgColor="B3935C" bgColor="1A0F0B" fontName="" fontStyle="0" fontSize="10" />
            <WordsStyle name="TARGET" styleID="5" fgColor="7989A6" bgColor="1A0F0B" fontName="" fontStyle="0" fontSize="10" />
            <WordsStyle name="IDEOL" styleID="9" fgColor="FF8080" bgColor="1A0F0B" fontName="" fontStyle="0" fontSize="10" />
        </LexerType>
        <LexerType name="vb" desc="VB / VBS" ext="">
            <WordsStyle name="DEFAULT" styleID="7" fgColor="C3BE98" bgColor="1A0F0B" fontName="" fontStyle="0" fontSize="10" />
            <WordsStyle name="COMMENT" styleID="1" fgColor="679D47" bgColor="1A0F0B" fontName="" fontStyle="0" fontSize="10" />
            <WordsStyle name="NUMBER" styleID="2" fgColor="DA5659" bgColor="1A0F0B" fontName="" fontStyle="0" fontSize="10" />
            <WordsStyle name="WORD" styleID="3" fgColor="B3935C" bgColor="1A0F0B" fontName="" fontStyle="0" fontSize="10" keywordClass="instre1" />
            <WordsStyle name="STRING" styleID="4" fgColor="7CA563" bgColor="1A0F0B" fontName="" fontStyle="0" fontSize="10" />
            <WordsStyle name="PREPROCESSOR" styleID="5" fgColor="8996A8" bgColor="1A0F0B" fontName="" fontStyle="0" fontSize="10" />
            <WordsStyle name="OPERATOR" styleID="6" fgColor="B3935C" bgColor="1A0F0B" fontName="" fontStyle="0" fontSize="10" />
            <WordsStyle name="DATE" styleID="8" fgColor="A8799C" bgColor="1A0F0B" fontName="" fontStyle="0" fontSize="10" />
        </LexerType>
        <LexerType name="css" desc="CSS" ext="">
            <WordsStyle name="DEFAULT" styleID="0" fgColor="C3BE98" bgColor="1A0F0B" fontName="" fontStyle="0" fontSize="10" />
            <WordsStyle name="TAG" styleID="1" fgColor="6D4C2F" bgColor="1A0F0B" fontName="" fontStyle="0" fontSize="10" />
            <WordsStyle name="CLASS" styleID="2" fgColor="6D4C2F" bgColor="1A0F0B" fontName="" fontStyle="0" fontSize="10" />
            <WordsStyle name="PSEUDOCLASS" styleID="3" fgColor="6D4C2F" bgColor="1A0F0B" fontName="" fontStyle="0" fontSize="10" />
            <WordsStyle name="UNKNOWN_PSEUDOCLASS" styleID="4" fgColor="6D4C2F" bgColor="1A0F0B" fontName="" fontStyle="0" fontSize="10" />
            <WordsStyle name="OPERATOR" styleID="5" fgColor="B3935C" bgColor="1A0F0B" fontName="" fontStyle="0" fontSize="10" />
            <WordsStyle name="IDENTIFIER" styleID="6" fgColor="D77261" bgColor="1A0F0B" fontName="" fontStyle="0" fontSize="10" keywordClass="instre1" />
            <WordsStyle name="UNKNOWN_IDENTIFIER" styleID="7" fgColor="D77261" bgColor="1A0F0B" fontName="" fontStyle="0" fontSize="10" />
            <WordsStyle name="VALUE" styleID="8" fgColor="DA5659" bgColor="1A0F0B" fontName="" fontStyle="0" fontSize="10" />
            <WordsStyle name="COMMENT" styleID="9" fgColor="679D47" bgColor="1A0F0B" fontName="" fontStyle="0" fontSize="10" />
            <WordsStyle name="ID" styleID="10" fgColor="6D4C2F" bgColor="1A0F0B" fontName="" fontStyle="0" fontSize="10" />
            <WordsStyle name="IMPORTANT" styleID="11" fgColor="B3935C" bgColor="1A0F0B" fontName="" fontStyle="0" fontSize="10" />
            <WordsStyle name="DIRECTIVE" styleID="12" fgColor="B3935C" bgColor="1A0F0B" fontName="" fontStyle="0" fontSize="10" />
        </LexerType>
        <LexerType name="pascal" desc="Pascal" ext="">
            <WordsStyle name="DEFAULT" styleID="0" fgColor="C3BE98" bgColor="1A0F0B" fontName="" fontStyle="0" fontSize="10" />
            <WordsStyle name="PREPROCESSOR" styleID="5" fgColor="8996A8" bgColor="1A0F0B" fontName="" fontStyle="0" fontSize="10" />
            <WordsStyle name="IDENTIFIER" styleID="1" fgColor="D77261" bgColor="1A0F0B" fontName="" fontStyle="0" fontSize="10" />
            <WordsStyle name="INSTRUCTION WORD" styleID="9" fgColor="F1E694" bgColor="1A0F0B" fontName="" fontStyle="0" fontSize="10" keywordClass="instre1" />
            <WordsStyle name="NUMBER" styleID="7" fgColor="DA5659" bgColor="1A0F0B" fontName="" fontStyle="0" fontSize="10" />
            <WordsStyle name="CHARACTER" styleID="12" fgColor="7CA563" bgColor="1A0F0B" fontName="" fontStyle="0" fontSize="10" />
            <WordsStyle name="OPERATOR" styleID="13" fgColor="B3935C" bgColor="1A0F0B" fontName="" fontStyle="0" fontSize="10" />
            <WordsStyle name="ASM" styleID="14" fgColor="E9C062" bgColor="1A0F0B" fontName="" fontStyle="0" fontSize="10" />
            <WordsStyle name="COMMENT" styleID="2" fgColor="679D47" bgColor="1A0F0B" fontName="" fontStyle="0" fontSize="10" />
            <WordsStyle name="COMMENT LINE" styleID="4" fgColor="679D47" bgColor="1A0F0B" fontName="" fontStyle="0" fontSize="10" />
            <WordsStyle name="COMMENT DOC" styleID="3" fgColor="679D47" bgColor="1A0F0B" fontName="" fontStyle="0" fontSize="10" />
        </LexerType>
        <LexerType name="perl" desc="Perl" ext="">
            <WordsStyle name="DEFAULT" styleID="0" fgColor="C3BE98" bgColor="1A0F0B" fontName="" fontStyle="10" fontSize="10" />
            <WordsStyle name="INSTRUCTION WORD" styleID="5" fgColor="F1E694" bgColor="1A0F0B" fontName="" fontStyle="10" fontSize="10" keywordClass="instre1" />
            <WordsStyle name="NUMBER" styleID="4" fgColor="DA5659" bgColor="1A0F0B" fontName="" fontStyle="10" fontSize="10" />
            <WordsStyle name="OPERATOR" styleID="10" fgColor="B3935C" bgColor="1A0F0B" fontName="" fontStyle="10" fontSize="10" />
            <WordsStyle name="IDENTIFIER" styleID="11" fgColor="C3BE98" bgColor="1A0F0B" fontName="" fontStyle="1" fontSize="" />
            <WordsStyle name="SCALAR" styleID="12" fgColor="C3BE98" bgColor="1A0F0B" fontName="" fontStyle="10" fontSize="10" />
            <WordsStyle name="ARRAY" styleID="13" fgColor="C3BE98" bgColor="1A0F0B" fontName="" fontStyle="10" fontSize="10" />
            <WordsStyle name="HASH" styleID="14" fgColor="C3BE98" bgColor="1A0F0B" fontName="" fontStyle="10" fontSize="10" />
            <WordsStyle name="SYMBOL TABLE" styleID="15" fgColor="C3BE98" bgColor="1A0F0B" fontName="" fontStyle="10" fontSize="10" />
            <WordsStyle name="PROTOTYPE" styleID="40" fgColor="C3BE98" bgColor="1A0F0B" fontName="" fontStyle="1" fontSize="" />
            <WordsStyle name="COMMENT LINE" styleID="2" fgColor="679D47" bgColor="1A0F0B" fontName="" fontStyle="10" fontSize="10" />
            <WordsStyle name="STRING SINGLEQUOTE" styleID="7" fgColor="7CA563" bgColor="1A0F0B" fontName="" fontStyle="10" fontSize="10" />
            <WordsStyle name="STRING DOUBLEQUOTE" styleID="6" fgColor="7CA563" bgColor="1A0F0B" fontName="" fontStyle="10" fontSize="10" />
            <WordsStyle name="STRING BACKTICKS" styleID="20" fgColor="C3BE98" bgColor="1A0F0B" fontName="" fontStyle="10" fontSize="10" />
            <WordsStyle name="STRING Q" styleID="26" fgColor="C3BE98" bgColor="1A0F0B" fontName="" fontStyle="2" fontSize="" />
            <WordsStyle name="STRING QQ" styleID="27" fgColor="C3BE98" bgColor="1A0F0B" fontName="" fontStyle="0" fontSize="" />
            <WordsStyle name="STRING QX" styleID="28" fgColor="C3BE98" bgColor="1A0F0B" fontName="" fontStyle="0" fontSize="" />
            <WordsStyle name="STRING QR" styleID="29" fgColor="C3BE98" bgColor="1A0F0B" fontName="" fontStyle="0" fontSize="" />
            <WordsStyle name="STRING QW" styleID="30" fgColor="C3BE98" bgColor="1A0F0B" fontName="" fontStyle="0" fontSize="" />
            <WordsStyle name="REGEX MATCH" styleID="17" fgColor="E9C062" bgColor="1A0F0B" fontName="" fontStyle="10" fontSize="10" />
            <WordsStyle name="REGEX SUBSTITUTION" styleID="18" fgColor="C3BE98" bgColor="1A0F0B" fontName="" fontStyle="10" fontSize="10" />
            <WordsStyle name="TRANSLATION" styleID="44" fgColor="C3BE98" bgColor="1A0F0B" fontName="" fontStyle="0" fontSize="" />
            <WordsStyle name="HEREDOC DELIMITER" styleID="22" fgColor="C3BE98" bgColor="1A0F0B" fontName="" fontStyle="1" fontSize="" />
            <WordsStyle name="HEREDOC SINGLEQUOTE" styleID="23" fgColor="C3BE98" bgColor="1A0F0B" fontName="" fontStyle="2" fontSize="" />
            <WordsStyle name="HEREDOC DOUBLEQUOTE" styleID="24" fgColor="C3BE98" bgColor="1A0F0B" fontName="" fontStyle="0" fontSize="" />
            <WordsStyle name="HEREDOC BACKTICK" styleID="25" fgColor="C3BE98" bgColor="1A0F0B" fontName="" fontStyle="0" fontSize="" />
            <WordsStyle name="VAR IN STRING" styleID="43" fgColor="C3BE98" bgColor="1A0F0B" fontName="" fontStyle="3" fontSize="" />
            <WordsStyle name="VAR IN REGEX" styleID="54" fgColor="C3BE98" bgColor="1A0F0B" fontName="" fontStyle="3" fontSize="" />
            <WordsStyle name="VAR IN REGEX SUBSTITUTION" styleID="55" fgColor="C3BE98" bgColor="1A0F0B" fontName="" fontStyle="3" fontSize="" />
            <WordsStyle name="VAR IN BACKTICKS" styleID="57" fgColor="C3BE98" bgColor="1A0F0B" fontName="" fontStyle="3" fontSize="" />
            <WordsStyle name="VAR IN HEREDOC DOUBLEQUOTE" styleID="61" fgColor="C3BE98" bgColor="1A0F0B" fontName="" fontStyle="3" fontSize="" />
            <WordsStyle name="VAR IN HEREDOC BACKTICK" styleID="62" fgColor="C3BE98" bgColor="1A0F0B" fontName="" fontStyle="3" fontSize="" />
            <WordsStyle name="VAR IN STRING QQ" styleID="64" fgColor="C3BE98" bgColor="1A0F0B" fontName="" fontStyle="3" fontSize="" />
            <WordsStyle name="VAR IN STRING QX" styleID="65" fgColor="C3BE98" bgColor="1A0F0B" fontName="" fontStyle="3" fontSize="" />
            <WordsStyle name="VAR IN STRING QR" styleID="66" fgColor="C3BE98" bgColor="1A0F0B" fontName="" fontStyle="3" fontSize="" />
            <WordsStyle name="FORMAT IDENTIFIER" styleID="41" fgColor="C3BE98" bgColor="1A0F0B" fontName="" fontStyle="2" fontSize="" />
            <WordsStyle name="FORMAT BODY" styleID="42" fgColor="C3BE98" bgColor="1A0F0B" fontName="" fontStyle="0" fontSize="" />
            <WordsStyle name="DATA SECTION" styleID="21" fgColor="C3BE98" bgColor="1A0F0B" fontName="" fontStyle="10" fontSize="10" />
            <WordsStyle name="POD" styleID="3" fgColor="C3BE98" bgColor="1A0F0B" fontName="" fontStyle="10" fontSize="10" />
            <WordsStyle name="POD VERBATIM" styleID="31" fgColor="C3BE98" bgColor="1A0F0B" fontName="" fontStyle="0" fontSize="" />
            <WordsStyle name="ERROR" styleID="1" fgColor="C3BE98" bgColor="1A0F0B" fontName="" fontStyle="10" fontSize="10" />
        </LexerType>
        <LexerType name="python" desc="Python" ext="">
            <WordsStyle name="DEFAULT" styleID="0" fgColor="C3BE98" bgColor="1A0F0B" fontName="" fontStyle="0" fontSize="10" />
            <WordsStyle name="COMMENTLINE" styleID="1" fgColor="679D47" bgColor="1A0F0B" fontName="" fontStyle="0" fontSize="10" />
            <WordsStyle name="NUMBER" styleID="2" fgColor="DA5659" bgColor="1A0F0B" fontName="" fontStyle="0" fontSize="10" />
            <WordsStyle name="STRING" styleID="3" fgColor="7CA563" bgColor="1A0F0B" fontName="" fontStyle="0" fontSize="10" />
            <WordsStyle name="CHARACTER" styleID="4" fgColor="7CA563" bgColor="1A0F0B" fontName="" fontStyle="0" fontSize="10" />
            <WordsStyle name="KEYWORDS" styleID="5" fgColor="B3935C" bgColor="1A0F0B" fontName="" fontStyle="0" fontSize="10" keywordClass="instre1" />
            <WordsStyle name="TRIPLE" styleID="6" fgColor="C3BE98" bgColor="1A0F0B" fontName="" fontStyle="0" fontSize="10" />
            <WordsStyle name="TRIPLEDOUBLE" styleID="7" fgColor="C3BE98" bgColor="1A0F0B" fontName="" fontStyle="0" fontSize="10" />
            <WordsStyle name="CLASSNAME" styleID="8" fgColor="C3BE98" bgColor="1A0F0B" fontName="" fontStyle="0" fontSize="10" />
            <WordsStyle name="DEFNAME" styleID="9" fgColor="C3BE98" bgColor="1A0F0B" fontName="" fontStyle="0" fontSize="10" />
            <WordsStyle name="OPERATOR" styleID="10" fgColor="B3935C" bgColor="1A0F0B" fontName="" fontStyle="0" fontSize="10" />
            <WordsStyle name="IDENTIFIER" styleID="11" fgColor="D77261" bgColor="1A0F0B" fontName="" fontStyle="0" fontSize="10" />
            <WordsStyle name="COMMENTBLOCK" styleID="12" fgColor="679D47" bgColor="1A0F0B" fontName="" fontStyle="0" fontSize="10" />
            <WordsStyle name="STRINGEOL" styleID="12" fgColor="7CA563" bgColor="1A0F0B" fontName="" fontStyle="0" fontSize="10" />
            <WordsStyle name="BUILTINS" styleID="14" fgColor="C3BE98" bgColor="1A0F0B" fontName="" fontStyle="0" fontSize="10" keywordClass="instre2" />
        </LexerType>
        <LexerType name="batch" desc="Batch" ext="">
            <WordsStyle name="DEFAULT" styleID="0" fgColor="C3BE98" bgColor="1A0F0B" fontName="" fontStyle="0" fontSize="10" />
            <WordsStyle name="COMMENT" styleID="1" fgColor="679D47" bgColor="1A0F0B" fontName="" fontStyle="0" fontSize="10" />
            <WordsStyle name="KEYWORDS" styleID="2" fgColor="B3935C" bgColor="1A0F0B" fontName="" fontStyle="0" fontSize="10" keywordClass="instre1" />
            <WordsStyle name="LABEL" styleID="3" fgColor="6D4C2F" bgColor="1A0F0B" fontName="" fontStyle="0" fontSize="10" />
            <WordsStyle name="HIDE SYMBOL" styleID="4" fgColor="B3935C" bgColor="1A0F0B" fontName="" fontStyle="0" fontSize="10" />
            <WordsStyle name="COMMAND" styleID="5" fgColor="D77261" bgColor="1A0F0B" fontName="" fontStyle="0" fontSize="10" />
            <WordsStyle name="VARIABLE" styleID="6" fgColor="7989A6" bgColor="1A0F0B" fontName="" fontStyle="0" fontSize="10" />
            <WordsStyle name="OPERATOR" styleID="7" fgColor="B3935C" bgColor="1A0F0B" fontName="" fontStyle="0" fontSize="10" />
            <WordsStyle name="AFTER LABEL" styleID="8" fgColor="679D47" bgColor="1A0F0B" fontName="" fontStyle="0" fontSize="10" />
        </LexerType>
        <LexerType name="lua" desc="Lua" ext="">
            <WordsStyle name="DEFAULT" styleID="0" fgColor="C3BE98" bgColor="1A0F0B" fontName="" fontStyle="0" fontSize="10" />
            <WordsStyle name="COMMENT" styleID="1" fgColor="679D47" bgColor="1A0F0B" fontName="" fontStyle="0" fontSize="10" />
            <WordsStyle name="COMMENT LINE" styleID="2" fgColor="679D47" bgColor="1A0F0B" fontName="" fontStyle="0" fontSize="10" />
            <WordsStyle name="COMMENT DOC" styleID="3" fgColor="679D47" bgColor="1A0F0B" fontName="" fontStyle="0" fontSize="10" />
            <WordsStyle name="LITERALSTRING" styleID="8" fgColor="7CA563" bgColor="1A0F0B" fontName="" fontStyle="0" fontSize="10" />
            <WordsStyle name="PREPROCESSOR" styleID="9" fgColor="8996A8" bgColor="1A0F0B" fontName="" fontStyle="0" fontSize="10" />
            <WordsStyle name="INSTRUCTION WORD" styleID="5" fgColor="F1E694" bgColor="1A0F0B" fontName="" fontStyle="0" fontSize="10" keywordClass="instre1" />
            <WordsStyle name="NUMBER" styleID="4" fgColor="DA5659" bgColor="1A0F0B" fontName="" fontStyle="0" fontSize="10" />
            <WordsStyle name="STRING" styleID="6" fgColor="7CA563" bgColor="1A0F0B" fontName="" fontStyle="0" fontSize="10" />
            <WordsStyle name="CHARACTER" styleID="7" fgColor="7CA563" bgColor="1A0F0B" fontName="" fontStyle="0" fontSize="10" />
            <WordsStyle name="OPERATOR" styleID="10" fgColor="B3935C" bgColor="1A0F0B" fontName="" fontStyle="0" fontSize="10" />
            <WordsStyle name="FUNC1" styleID="13" fgColor="C3BE98" bgColor="1A0F0B" fontName="" fontStyle="0" fontSize="10" keywordClass="instre2" />
            <WordsStyle name="FUNC2" styleID="14" fgColor="C3BE98" bgColor="1A0F0B" fontName="" fontStyle="0" fontSize="10" keywordClass="type1" />
            <WordsStyle name="FUNC3" styleID="15" fgColor="C3BE98" bgColor="1A0F0B" fontName="" fontStyle="0" fontSize="10" keywordClass="type2" />
        </LexerType>
        <LexerType name="tex" desc="TeX" ext="">
            <WordsStyle name="DEFAULT" styleID="0" fgColor="C3BE98" bgColor="1A0F0B" fontName="" fontStyle="0" fontSize="10" />
            <WordsStyle name="SPECIAL" styleID="1" fgColor="C3BE98" bgColor="1A0F0B" fontName="" fontStyle="0" fontSize="10" />
            <WordsStyle name="GROUP" styleID="2" fgColor="C3BE98" bgColor="1A0F0B" fontName="" fontStyle="0" fontSize="10" />
            <WordsStyle name="SYMBOL" styleID="3" fgColor="C3BE98" bgColor="1A0F0B" fontName="" fontStyle="0" fontSize="10" />
            <WordsStyle name="COMMAND" styleID="4" fgColor="D77261" bgColor="1A0F0B" fontName="" fontStyle="0" fontSize="10" />
            <WordsStyle name="TEXT" styleID="5" fgColor="7CA563" bgColor="1A0F0B" fontName="" fontStyle="0" fontSize="10" />
        </LexerType>
        <LexerType name="nsis" desc="NSIS" ext="">
            <WordsStyle name="DEFAULT" styleID="0" fgColor="C3BE98" bgColor="1A0F0B" fontName="" fontStyle="0" fontSize="10" />
            <WordsStyle name="COMMENTLINE" styleID="1" fgColor="679D47" bgColor="1A0F0B" fontName="" fontStyle="0" fontSize="10" />
            <WordsStyle name="STRING DOUBLE QUOTE" styleID="2" fgColor="7CA563" bgColor="1A0F0B" fontName="" fontStyle="0" fontSize="10" />
            <WordsStyle name="STRING LEFT QUOTE" styleID="3" fgColor="7CA563" bgColor="1A0F0B" fontName="" fontStyle="0" fontSize="10" />
            <WordsStyle name="STRING RIGHT QUOTE" styleID="4" fgColor="7CA563" bgColor="1A0F0B" fontName="" fontStyle="0" fontSize="10">endfunction endif</WordsStyle>
            <WordsStyle name="FUNCTION" styleID="5" fgColor="C29863" bgColor="1A0F0B" fontName="" fontStyle="0" fontSize="10" keywordClass="instre1" />
            <WordsStyle name="VARIABLE" styleID="6" fgColor="7989A6" bgColor="1A0F0B" fontName="" fontStyle="0" fontSize="10" keywordClass="instre2" />
            <WordsStyle name="LABEL" styleID="7" fgColor="6D4C2F" bgColor="1A0F0B" fontName="" fontStyle="0" fontSize="10" keywordClass="type1" />
            <WordsStyle name="USER DEFINED" styleID="8" fgColor="C3BE98" bgColor="1A0F0B" fontName="" fontStyle="0" fontSize="10" keywordClass="type2" />
            <WordsStyle name="SECTION" styleID="9" fgColor="6D4C2F" bgColor="1A0F0B" fontName="" fontStyle="0" fontSize="10" />
            <WordsStyle name="SUBSECTION" styleID="10" fgColor="C3BE98" bgColor="1A0F0B" fontName="" fontStyle="0" fontSize="10" />
            <WordsStyle name="IF DEFINE" styleID="11" fgColor="C3BE98" bgColor="1A0F0B" fontName="" fontStyle="0" fontSize="10" />
            <WordsStyle name="MACRO" styleID="12" fgColor="C3BE98" bgColor="1A0F0B" fontName="" fontStyle="0" fontSize="10" />
            <WordsStyle name="STRING VAR" styleID="13" fgColor="7CA563" bgColor="1A0F0B" fontName="" fontStyle="0" fontSize="10" />
            <WordsStyle name="NUMBER" styleID="14" fgColor="DA5659" bgColor="1A0F0B" fontName="" fontStyle="0" fontSize="10" />
            <WordsStyle name="SECTION GROUP" styleID="15" fgColor="C3BE98" bgColor="1A0F0B" fontName="" fontStyle="0" fontSize="10" />
            <WordsStyle name="PAGE EX" styleID="16" fgColor="C3BE98" bgColor="1A0F0B" fontName="" fontStyle="0" fontSize="10" />
            <WordsStyle name="FUNCTION DEFINITIONS" styleID="17" fgColor="C3BE98" bgColor="1A0F0B" fontName="" fontStyle="0" fontSize="10" />
            <WordsStyle name="COMMENT" styleID="18" fgColor="679D47" bgColor="1A0F0B" fontName="" fontStyle="0" fontSize="10" />
        </LexerType>
        <LexerType name="actionscript" desc="ActionScript" ext="">
            <!--
            <WordsStyle name="DIRECTIVE" styleID="19" fgColor="B3935C" bgColor="1A0F0B" fontName="" fontStyle="" fontSize="10" keywordClass="instre2" />
            -->
            <WordsStyle name="DEFAULT" styleID="11" fgColor="C3BE98" bgColor="1A0F0B" fontName="" fontStyle="0" fontSize="10" />
            <WordsStyle name="FUNCTION" styleID="20" fgColor="C29863" bgColor="1A0F0B" fontName="" fontStyle="0" fontSize="10" keywordClass="type2" />
            <WordsStyle name="PREPROCESSOR" styleID="9" fgColor="8996A8" bgColor="1A0F0B" fontName="" fontStyle="0" fontSize="10" />
            <WordsStyle name="INSTRUCTION WORD" styleID="5" fgColor="F1E694" bgColor="1A0F0B" fontName="" fontStyle="0" fontSize="10" keywordClass="instre1" />
            <WordsStyle name="TYPE WORD" styleID="16" fgColor="B3935C" bgColor="1A0F0B" fontName="" fontStyle="0" fontSize="10" keywordClass="type1" />
            <WordsStyle name="NUMBER" styleID="4" fgColor="DA5659" bgColor="1A0F0B" fontName="" fontStyle="0" fontSize="10" />
            <WordsStyle name="STRING" styleID="6" fgColor="7CA563" bgColor="1A0F0B" fontName="" fontStyle="0" fontSize="10" />
            <WordsStyle name="CHARACTER" styleID="7" fgColor="7CA563" bgColor="1A0F0B" fontName="" fontStyle="0" fontSize="10" />
            <WordsStyle name="OPERATOR" styleID="10" fgColor="B3935C" bgColor="1A0F0B" fontName="" fontStyle="0" fontSize="10" />
            <WordsStyle name="VERBATIM" styleID="13" fgColor="DA5659" bgColor="1A0F0B" fontName="" fontStyle="0" fontSize="10" />
            <WordsStyle name="REGEX" styleID="14" fgColor="E9C062" bgColor="1A0F0B" fontName="" fontStyle="0" fontSize="10" />
            <WordsStyle name="COMMENT" styleID="1" fgColor="679D47" bgColor="1A0F0B" fontName="" fontStyle="0" fontSize="10" />
            <WordsStyle name="COMMENT LINE" styleID="2" fgColor="679D47" bgColor="1A0F0B" fontName="" fontStyle="0" fontSize="10" />
            <WordsStyle name="COMMENT DOC" styleID="3" fgColor="679D47" bgColor="1A0F0B" fontName="" fontStyle="0" fontSize="10" />
            <WordsStyle name="COMMENT LINE DOC" styleID="15" fgColor="679D47" bgColor="1A0F0B" fontName="" fontStyle="0" fontSize="10" />
            <WordsStyle name="COMMENT DOC KEYWORD" styleID="17" fgColor="679D47" bgColor="1A0F0B" fontName="" fontStyle="0" fontSize="10" />
            <WordsStyle name="COMMENT DOC KEYWORD ERROR" styleID="18" fgColor="679D47" bgColor="1A0F0B" fontName="" fontStyle="0" fontSize="10" />
        </LexerType>
        <LexerType name="bash" desc="bash" ext="">
            <WordsStyle name="DEFAULT" styleID="0" fgColor="C3BE98" bgColor="1A0F0B" fontName="" fontStyle="0" fontSize="10" />
            <WordsStyle name="ERROR" styleID="1" fgColor="C3BE98" bgColor="1A0F0B" fontName="" fontStyle="0" fontSize="10" />
            <WordsStyle name="INSTRUCTION WORD" styleID="4" fgColor="F1E694" bgColor="1A0F0B" fontName="" fontStyle="0" fontSize="10" keywordClass="instre1" />
            <WordsStyle name="NUMBER" styleID="3" fgColor="DA5659" bgColor="1A0F0B" fontName="" fontStyle="0" fontSize="10" />
            <WordsStyle name="STRING" styleID="5" fgColor="7CA563" bgColor="1A0F0B" fontName="" fontStyle="0" fontSize="10" />
            <WordsStyle name="CHARACTER" styleID="6" fgColor="7CA563" bgColor="1A0F0B" fontName="" fontStyle="0" fontSize="10" />
            <WordsStyle name="OPERATOR" styleID="7" fgColor="B3935C" bgColor="1A0F0B" fontName="" fontStyle="0" fontSize="10" />
            <WordsStyle name="IDENTIFIER" styleID="8" fgColor="D77261" bgColor="1A0F0B" fontName="" fontStyle="0" fontSize="10" />
            <WordsStyle name="SCALAR" styleID="9" fgColor="C3BE98" bgColor="1A0F0B" fontName="" fontStyle="0" fontSize="10" />
            <WordsStyle name="COMMENT LINE" styleID="2" fgColor="679D47" bgColor="1A0F0B" fontName="" fontStyle="0" fontSize="10" />
            <WordsStyle name="PARAM" styleID="10" fgColor="C3BE98" bgColor="1A0F0B" fontName="" fontStyle="0" fontSize="10" />
            <WordsStyle name="BACKTICKS" styleID="11" fgColor="C3BE98" bgColor="1A0F0B" fontName="" fontStyle="0" fontSize="10" />
            <WordsStyle name="HERE DELIM" styleID="12" fgColor="C3BE98" bgColor="1A0F0B" fontName="" fontStyle="0" fontSize="10" />
            <WordsStyle name="HERE Q" styleID="13" fgColor="C3BE98" bgColor="1A0F0B" fontName="" fontStyle="0" fontSize="10" />
        </LexerType>
        <LexerType name="fortran" desc="Fortran" ext="">
            <WordsStyle name="DEFAULT" styleID="0" fgColor="C3BE98" bgColor="1A0F0B" fontName="" fontStyle="0" fontSize="10" />
            <WordsStyle name="COMMENT" styleID="1" fgColor="679D47" bgColor="1A0F0B" fontName="" fontStyle="0" fontSize="10" />
            <WordsStyle name="NUMBER" styleID="2" fgColor="DA5659" bgColor="1A0F0B" fontName="" fontStyle="0" fontSize="10" />
            <WordsStyle name="STRING" styleID="3" fgColor="7CA563" bgColor="1A0F0B" fontName="" fontStyle="0" fontSize="10" />
            <WordsStyle name="STRING2" styleID="4" fgColor="7CA563" bgColor="1A0F0B" fontName="" fontStyle="0" fontSize="10" />
            <WordsStyle name="STRINGEOL" styleID="5" fgColor="7CA563" bgColor="1A0F0B" fontName="" fontStyle="0" fontSize="10" />
            <WordsStyle name="OPERATOR" styleID="6" fgColor="B3935C" bgColor="1A0F0B" fontName="" fontStyle="0" fontSize="10" />
            <WordsStyle name="IDENTIFIER" styleID="7" fgColor="D77261" bgColor="1A0F0B" fontName="" fontStyle="0" fontSize="10" />
            <WordsStyle name="INSTRUCTION WORD" styleID="8" fgColor="F1E694" bgColor="1A0F0B" fontName="" fontStyle="0" fontSize="10" keywordClass="instre1" />
            <WordsStyle name="FUNCTION1" styleID="9" fgColor="C3BE98" bgColor="1A0F0B" fontName="" fontStyle="0" fontSize="10" keywordClass="instre2" />
            <WordsStyle name="FUNCTION2" styleID="10" fgColor="C3BE98" bgColor="1A0F0B" fontName="" fontStyle="0" fontSize="10" keywordClass="type1" />
            <WordsStyle name="PREPROCESSOR" styleID="11" fgColor="8996A8" bgColor="1A0F0B" fontName="" fontStyle="0" fontSize="10" />
            <WordsStyle name="OPERATOR2" styleID="12" fgColor="C3BE98" bgColor="1A0F0B" fontName="" fontStyle="0" fontSize="10" />
            <WordsStyle name="LABEL" styleID="13" fgColor="6D4C2F" bgColor="1A0F0B" fontName="" fontStyle="0" fontSize="10" />
            <WordsStyle name="CONTINUATION" styleID="14" fgColor="C3BE98" bgColor="1A0F0B" fontName="" fontStyle="0" fontSize="10" />
        </LexerType>
        <LexerType name="fortran77" desc="Fortran (fixed form)" ext="">
            <WordsStyle name="DEFAULT" styleID="0" fgColor="C3BE98" bgColor="1A0F0B" fontName="" fontStyle="0" fontSize="10" />
            <WordsStyle name="COMMENT" styleID="1" fgColor="679D47" bgColor="1A0F0B" fontName="" fontStyle="0" fontSize="10" />
            <WordsStyle name="NUMBER" styleID="2" fgColor="DA5659" bgColor="1A0F0B" fontName="" fontStyle="0" fontSize="10" />
            <WordsStyle name="STRING" styleID="3" fgColor="7CA563" bgColor="1A0F0B" fontName="" fontStyle="0" fontSize="10" />
            <WordsStyle name="STRING2" styleID="4" fgColor="7CA563" bgColor="1A0F0B" fontName="" fontStyle="0" fontSize="10" />
            <WordsStyle name="STRINGEOL" styleID="5" fgColor="7CA563" bgColor="1A0F0B" fontName="" fontStyle="0" fontSize="10" />
            <WordsStyle name="OPERATOR" styleID="6" fgColor="B3935C" bgColor="1A0F0B" fontName="" fontStyle="0" fontSize="10" />
            <WordsStyle name="IDENTIFIER" styleID="7" fgColor="D77261" bgColor="1A0F0B" fontName="" fontStyle="0" fontSize="10" />
            <WordsStyle name="INSTRUCTION WORD" styleID="8" fgColor="F1E694" bgColor="1A0F0B" fontName="" fontStyle="0" fontSize="10" keywordClass="instre1" />
            <WordsStyle name="FUNCTION1" styleID="9" fgColor="C3BE98" bgColor="1A0F0B" fontName="" fontStyle="0" fontSize="10" keywordClass="instre2" />
            <WordsStyle name="FUNCTION2" styleID="10" fgColor="C3BE98" bgColor="1A0F0B" fontName="" fontStyle="0" fontSize="10" keywordClass="type1" />
            <WordsStyle name="PREPROCESSOR" styleID="11" fgColor="8996A8" bgColor="1A0F0B" fontName="" fontStyle="0" fontSize="10" />
            <WordsStyle name="OPERATOR2" styleID="12" fgColor="C3BE98" bgColor="1A0F0B" fontName="" fontStyle="0" fontSize="10" />
            <WordsStyle name="LABEL" styleID="13" fgColor="6D4C2F" bgColor="1A0F0B" fontName="" fontStyle="0" fontSize="10" />
            <WordsStyle name="CONTINUATION" styleID="14" fgColor="C3BE98" bgColor="1A0F0B" fontName="" fontStyle="0" fontSize="10" />
        </LexerType>
        <LexerType name="lisp" desc="LISP" ext="">
            <WordsStyle name="DEFAULT" styleID="0" fgColor="C3BE98" bgColor="1A0F0B" fontName="" fontStyle="0" fontSize="10" />
            <WordsStyle name="COMMENTLINE" styleID="1" fgColor="679D47" bgColor="1A0F0B" fontName="" fontStyle="0" fontSize="10" />
            <WordsStyle name="NUMBER" styleID="2" fgColor="DA5659" bgColor="1A0F0B" fontName="" fontStyle="0" fontSize="10" />
            <WordsStyle name="FUNCTION WORD" styleID="3" fgColor="C3BE98" bgColor="1A0F0B" fontName="" fontStyle="0" fontSize="10" keywordClass="instre1" />
            <WordsStyle name="SYMBOL" styleID="5" fgColor="C3BE98" bgColor="1A0F0B" fontName="" fontStyle="0" fontSize="10" />
            <WordsStyle name="STRING" styleID="6" fgColor="7CA563" bgColor="1A0F0B" fontName="" fontStyle="0" fontSize="10" />
            <WordsStyle name="STRINGEOL" styleID="8" fgColor="7CA563" bgColor="1A0F0B" fontName="" fontStyle="0" fontSize="10" />
            <WordsStyle name="IDENTIFIER" styleID="9" fgColor="D77261" bgColor="1A0F0B" fontName="" fontStyle="0" fontSize="10" />
            <WordsStyle name="OPERATOR" styleID="10" fgColor="B3935C" bgColor="1A0F0B" fontName="" fontStyle="0" fontSize="10" keywordClass="type1" />
            <WordsStyle name="SPECIAL" styleID="11" fgColor="C3BE98" bgColor="1A0F0B" fontName="" fontStyle="0" fontSize="10" />
            <WordsStyle name="COMMENT" styleID="12" fgColor="679D47" bgColor="1A0F0B" fontName="" fontStyle="0" fontSize="10" />
        </LexerType>
        <LexerType name="asm" desc="Assembler" ext="">
            <WordsStyle name="DEFAULT" styleID="0" fgColor="C3BE98" bgColor="1A0F0B" fontName="" fontStyle="0" fontSize="10" />
            <WordsStyle name="COMMENT" styleID="1" fgColor="679D47" bgColor="1A0F0B" fontName="" fontStyle="0" fontSize="10" />
            <WordsStyle name="NUMBER" styleID="2" fgColor="DA5659" bgColor="1A0F0B" fontName="" fontStyle="0" fontSize="10" />
            <WordsStyle name="STRING" styleID="3" fgColor="7CA563" bgColor="1A0F0B" fontName="" fontStyle="0" fontSize="10" />
            <WordsStyle name="OPERATOR" styleID="4" fgColor="B3935C" bgColor="1A0F0B" fontName="" fontStyle="0" fontSize="10" />
            <WordsStyle name="IDENTIFIER" styleID="5" fgColor="D77261" bgColor="1A0F0B" fontName="" fontStyle="0" fontSize="10" />
            <WordsStyle name="CPU INSTRUCTION" styleID="6" fgColor="C3BE98" bgColor="1A0F0B" fontName="" fontStyle="0" fontSize="10" keywordClass="instre1" />
            <WordsStyle name="MATH INSTRUCTION" styleID="7" fgColor="C3BE98" bgColor="1A0F0B" fontName="" fontStyle="0" fontSize="10" keywordClass="instre2" />
            <WordsStyle name="REGISTER" styleID="8" fgColor="C3BE98" bgColor="1A0F0B" fontName="" fontStyle="0" fontSize="10" keywordClass="type1" />
            <WordsStyle name="DIRECTIVE" styleID="9" fgColor="B3935C" bgColor="1A0F0B" fontName="" fontStyle="0" fontSize="10" keywordClass="type2" />
            <WordsStyle name="DIRECTIVE OPERAND" styleID="10" fgColor="C3BE98" bgColor="1A0F0B" fontName="" fontStyle="0" fontSize="10" keywordClass="type3" />
            <WordsStyle name="COMMENT BLOCK" styleID="11" fgColor="679D47" bgColor="1A0F0B" fontName="" fontStyle="0" fontSize="10" />
            <WordsStyle name="CHARACTER" styleID="12" fgColor="7CA563" bgColor="1A0F0B" fontName="" fontStyle="0" fontSize="10" />
            <WordsStyle name="STRINGEOL" styleID="13" fgColor="7CA563" bgColor="1A0F0B" fontName="" fontStyle="0" fontSize="10" />
            <WordsStyle name="EXT INSTRUCTION" styleID="14" fgColor="C3BE98" bgColor="1A0F0B" fontName="" fontStyle="0" fontSize="10" keywordClass="type4" />
        </LexerType>
        <LexerType name="ruby" desc="Ruby" ext="">
            <WordsStyle name="DEFAULT" styleID="0" fgColor="C3BE98" bgColor="1A0F0B" fontName="" fontStyle="0" fontSize="10" />
            <WordsStyle name="ERROR" styleID="1" fgColor="C3BE98" bgColor="1A0F0B" fontName="" fontStyle="0" fontSize="10" />
            <WordsStyle name="COMMENTLINE" styleID="2" fgColor="679D47" bgColor="1A0F0B" fontName="" fontStyle="0" fontSize="10" />
            <WordsStyle name="POD" styleID="3" fgColor="C3BE98" bgColor="1A0F0B" fontName="" fontStyle="0" fontSize="10" />
            <WordsStyle name="NUMBER" styleID="4" fgColor="DA5659" bgColor="1A0F0B" fontName="" fontStyle="0" fontSize="10" />
            <WordsStyle name="INSTRUCTION" styleID="5" fgColor="B3935C" bgColor="1A0F0B" fontName="" fontStyle="0" fontSize="10" keywordClass="instre1" />
            <WordsStyle name="STRING" styleID="6" fgColor="7CA563" bgColor="1A0F0B" fontName="" fontStyle="0" fontSize="10" />
            <WordsStyle name="CHARACTER" styleID="7" fgColor="7CA563" bgColor="1A0F0B" fontName="" fontStyle="0" fontSize="10" />
            <WordsStyle name="CLASS NAME" styleID="8" fgColor="6D4C2F" bgColor="1A0F0B" fontName="" fontStyle="0" fontSize="10" />
            <WordsStyle name="DEF NAME" styleID="9" fgColor="6D4C2F" bgColor="1A0F0B" fontName="" fontStyle="0" fontSize="10" />
            <WordsStyle name="OPERATOR" styleID="10" fgColor="B3935C" bgColor="1A0F0B" fontName="" fontStyle="0" fontSize="10" />
            <WordsStyle name="IDENTIFIER" styleID="11" fgColor="D77261" bgColor="1A0F0B" fontName="" fontStyle="0" fontSize="10" />
            <WordsStyle name="REGEX" styleID="12" fgColor="E9C062" bgColor="1A0F0B" fontName="" fontStyle="0" fontSize="10" />
            <WordsStyle name="GLOBAL" styleID="13" fgColor="7989A6" bgColor="1A0F0B" fontName="" fontStyle="0" fontSize="10" />
            <WordsStyle name="SYMBOL" styleID="14" fgColor="C3BE98" bgColor="1A0F0B" fontName="" fontStyle="0" fontSize="10" />
            <WordsStyle name="MODULE NAME" styleID="15" fgColor="C3BE98" bgColor="1A0F0B" fontName="" fontStyle="0" fontSize="10" />
            <WordsStyle name="INSTANCE VAR" styleID="16" fgColor="7989A6" bgColor="1A0F0B" fontName="" fontStyle="0" fontSize="10" />
            <WordsStyle name="CLASS VAR" styleID="17" fgColor="C3BE98" bgColor="1A0F0B" fontName="" fontStyle="0" fontSize="10" />
            <WordsStyle name="BACKTICKS" styleID="18" fgColor="C3BE98" bgColor="1A0F0B" fontName="" fontStyle="0" fontSize="10" />
            <WordsStyle name="DATA SECTION" styleID="19" fgColor="C3BE98" bgColor="1A0F0B" fontName="" fontStyle="0" fontSize="10" />
            <WordsStyle name="STRING Q" styleID="24" fgColor="7CA563" bgColor="1A0F0B" fontName="" fontStyle="0" fontSize="10" />
        </LexerType>
        <LexerType name="postscript" desc="Postscript" ext="">
            <WordsStyle name="DEFAULT" styleID="0" fgColor="C3BE98" bgColor="1A0F0B" fontName="" fontStyle="0" fontSize="10" />
            <WordsStyle name="COMMENT" styleID="1" fgColor="679D47" bgColor="1A0F0B" fontName="" fontStyle="0" fontSize="10" />
            <WordsStyle name="DSC COMMENT" styleID="2" fgColor="C3BE98" bgColor="1A0F0B" fontName="" fontStyle="0" fontSize="10" />
            <WordsStyle name="DSC VALUE" styleID="3" fgColor="C3BE98" bgColor="1A0F0B" fontName="" fontStyle="0" fontSize="10" />
            <WordsStyle name="NUMBER" styleID="4" fgColor="DA5659" bgColor="1A0F0B" fontName="" fontStyle="0" fontSize="10" />
            <WordsStyle name="Name" styleID="5" fgColor="C3BE98" bgColor="1A0F0B" fontName="" fontStyle="0" fontSize="10" />
            <WordsStyle name="INSTRUCTION" styleID="6" fgColor="B3935C" bgColor="1A0F0B" fontName="" fontStyle="0" fontSize="10" keywordClass="instre1" />
            <WordsStyle name="LITERAL" styleID="7" fgColor="C3BE98" bgColor="1A0F0B" fontName="" fontStyle="0" fontSize="10" />
            <WordsStyle name="IMMEVAL" styleID="8" fgColor="C3BE98" bgColor="1A0F0B" fontName="" fontStyle="0" fontSize="10" />
            <WordsStyle name="PAREN ARRAY" styleID="9" fgColor="C3BE98" bgColor="1A0F0B" fontName="" fontStyle="0" fontSize="10" />
            <WordsStyle name="PAREN DICT" styleID="10" fgColor="C3BE98" bgColor="1A0F0B" fontName="" fontStyle="0" fontSize="10" />
            <WordsStyle name="PAREN PROC" styleID="11" fgColor="C3BE98" bgColor="1A0F0B" fontName="" fontStyle="0" fontSize="10" />
            <WordsStyle name="TEXT" styleID="12" fgColor="7CA563" bgColor="1A0F0B" fontName="" fontStyle="0" fontSize="10" />
            <WordsStyle name="HEX STRING" styleID="13" fgColor="7CA563" bgColor="1A0F0B" fontName="" fontStyle="0" fontSize="10" />
            <WordsStyle name="BASE85 STRING" styleID="14" fgColor="7CA563" bgColor="1A0F0B" fontName="" fontStyle="0" fontSize="10" />
            <WordsStyle name="BAD STRING CHAR" styleID="15" fgColor="7CA563" bgColor="1A0F0B" fontName="" fontStyle="0" fontSize="10" />
        </LexerType>
        <LexerType name="vhdl" desc="VHDL" ext="">
            <WordsStyle name="DEFAULT" styleID="0" fgColor="C3BE98" bgColor="1A0F0B" fontName="" fontStyle="0" fontSize="10" />
            <WordsStyle name="COMMENT" styleID="1" fgColor="679D47" bgColor="1A0F0B" fontName="" fontStyle="0" fontSize="10" />
            <WordsStyle name="COMMENT LIne" styleID="2" fgColor="679D47" bgColor="1A0F0B" fontName="" fontStyle="0" fontSize="10" />
            <WordsStyle name="NUMBER" styleID="3" fgColor="DA5659" bgColor="1A0F0B" fontName="" fontStyle="0" fontSize="10" />
            <WordsStyle name="STRING" styleID="4" fgColor="7CA563" bgColor="1A0F0B" fontName="" fontStyle="0" fontSize="10" />
            <WordsStyle name="OPERATOR" styleID="5" fgColor="B3935C" bgColor="1A0F0B" fontName="" fontStyle="0" fontSize="10">True False</WordsStyle>
            <WordsStyle name="IDENTIFIER" styleID="6" fgColor="D77261" bgColor="1A0F0B" fontName="" fontStyle="0" fontSize="10" />
            <WordsStyle name="STRING EOL" styleID="7" fgColor="7CA563" bgColor="1A0F0B" fontName="" fontStyle="0" fontSize="10" />
            <WordsStyle name="INSTRUCTION" styleID="8" fgColor="B3935C" bgColor="1A0F0B" fontName="" fontStyle="0" fontSize="10" keywordClass="instre1" />
            <WordsStyle name="STD OPERATOR" styleID="9" fgColor="C3BE98" bgColor="1A0F0B" fontName="" fontStyle="0" fontSize="10" keywordClass="instre2" />
            <WordsStyle name="ATTRIBUTE" styleID="10" fgColor="6D4C2F" bgColor="1A0F0B" fontName="" fontStyle="0" fontSize="10" keywordClass="type1" />
            <WordsStyle name="DIRECTIVE" styleID="9" fgColor="B3935C" bgColor="1A0F0B" fontName="" fontStyle="0" fontSize="10" />
            <WordsStyle name="DIRECTIVE OPERAND" styleID="10" fgColor="C3BE98" bgColor="1A0F0B" fontName="" fontStyle="0" fontSize="10" />
            <WordsStyle name="STD FUNCTION" styleID="11" fgColor="C3BE98" bgColor="1A0F0B" fontName="" fontStyle="0" fontSize="10" keywordClass="type2" />
            <WordsStyle name="STD PACKAGE" styleID="12" fgColor="C3BE98" bgColor="1A0F0B" fontName="" fontStyle="0" fontSize="10" keywordClass="type3" />
            <WordsStyle name="STD TYPE" styleID="13" fgColor="C3BE98" bgColor="1A0F0B" fontName="" fontStyle="0" fontSize="10" keywordClass="type4" />
            <WordsStyle name="USER DEFINE" styleID="14" fgColor="C3BE98" bgColor="1A0F0B" fontName="" fontStyle="0" fontSize="10" keywordClass="type5" />
        </LexerType>
        <LexerType name="smalltalk" desc="Smalltalk" ext="">
            <WordsStyle name="DEFAULT" styleID="0" fgColor="C3BE98" bgColor="1A0F0B" fontName="" fontStyle="0" fontSize="10" />
            <WordsStyle name="STRING" styleID="1" fgColor="7CA563" bgColor="1A0F0B" fontName="" fontStyle="0" fontSize="10" />
            <WordsStyle name="NUMBER" styleID="2" fgColor="DA5659" bgColor="1A0F0B" fontName="" fontStyle="0" fontSize="10" />
            <WordsStyle name="COMMENT" styleID="3" fgColor="679D47" bgColor="1A0F0B" fontName="" fontStyle="0" fontSize="10" />
            <WordsStyle name="SYMBOL" styleID="4" fgColor="C3BE98" bgColor="1A0F0B" fontName="" fontStyle="0" fontSize="10" />
            <WordsStyle name="BINARY" styleID="5" fgColor="C3BE98" bgColor="1A0F0B" fontName="" fontStyle="0" fontSize="10" />
            <WordsStyle name="BOOL" styleID="6" fgColor="C3BE98" bgColor="1A0F0B" fontName="" fontStyle="0" fontSize="10" />
            <WordsStyle name="SELF" styleID="7" fgColor="C3BE98" bgColor="1A0F0B" fontName="" fontStyle="0" fontSize="10" />
            <WordsStyle name="SUPER" styleID="8" fgColor="C3BE98" bgColor="1A0F0B" fontName="" fontStyle="0" fontSize="10" />
            <WordsStyle name="NIL" styleID="9" fgColor="C3BE98" bgColor="1A0F0B" fontName="" fontStyle="0" fontSize="10" />
            <WordsStyle name="GLOBAL" styleID="10" fgColor="7989A6" bgColor="1A0F0B" fontName="" fontStyle="0" fontSize="10" />
            <WordsStyle name="RETURN" styleID="11" fgColor="C3BE98" bgColor="1A0F0B" fontName="" fontStyle="0" fontSize="10" />
            <WordsStyle name="SPECIAL" styleID="12" fgColor="C3BE98" bgColor="1A0F0B" fontName="" fontStyle="0" fontSize="10" />
            <WordsStyle name="KWS END" styleID="13" fgColor="C3BE98" bgColor="1A0F0B" fontName="" fontStyle="0" fontSize="10" />
            <WordsStyle name="ASSIGN" styleID="14" fgColor="C3BE98" bgColor="1A0F0B" fontName="" fontStyle="0" fontSize="10" />
            <WordsStyle name="CHARACTER" styleID="15" fgColor="7CA563" bgColor="1A0F0B" fontName="" fontStyle="0" fontSize="10" />
            <WordsStyle name="SPECIAL SELECTOR" styleID="16" fgColor="C3BE98" bgColor="1A0F0B" fontName="" fontStyle="0" fontSize="10" />
        </LexerType>
        <LexerType name="caml" desc="Caml" ext="">
            <WordsStyle name="DEFAULT" styleID="0" fgColor="C3BE98" bgColor="1A0F0B" fontName="" fontStyle="0" fontSize="10" />
            <WordsStyle name="IDENTIFIER" styleID="1" fgColor="D77261" bgColor="1A0F0B" fontName="" fontStyle="0" fontSize="10" />
            <WordsStyle name="TAGNAME" styleID="2" fgColor="6D4C2F" bgColor="1A0F0B" fontName="" fontStyle="0" fontSize="10" />
            <WordsStyle name="INSTRUCTION WORD" styleID="3" fgColor="F1E694" bgColor="1A0F0B" fontName="" fontStyle="0" fontSize="10" keywordClass="instre1" />
            <WordsStyle name="BUILIN FUNC &amp; TYPE" styleID="4" fgColor="C3BE98" bgColor="1A0F0B" fontName="" fontStyle="0" fontSize="10" keywordClass="instre2" />
            <WordsStyle name="TYPE" styleID="5" fgColor="C3BE98" bgColor="1A0F0B" fontName="" fontStyle="0" fontSize="10" keywordClass="type1">if else for while</WordsStyle>
            <WordsStyle name="LINENUM" styleID="6" fgColor="C3BE98" bgColor="1A0F0B" fontName="" fontStyle="0" fontSize="10">bool long int char</WordsStyle>
            <WordsStyle name="OPERATOR" styleID="7" fgColor="B3935C" bgColor="1A0F0B" fontName="" fontStyle="0" fontSize="10" />
            <WordsStyle name="NUMBER" styleID="8" fgColor="DA5659" bgColor="1A0F0B" fontName="" fontStyle="0" fontSize="10" />
            <WordsStyle name="CHARACTER" styleID="9" fgColor="7CA563" bgColor="1A0F0B" fontName="" fontStyle="0" fontSize="10" />
            <WordsStyle name="STRING" styleID="11" fgColor="7CA563" bgColor="1A0F0B" fontName="" fontStyle="0" fontSize="10" />
            <WordsStyle name="COMMENT" styleID="12" fgColor="679D47" bgColor="1A0F0B" fontName="" fontStyle="0" fontSize="10" />
            <WordsStyle name="COMMENT LINE" styleID="13" fgColor="679D47" bgColor="1A0F0B" fontName="" fontStyle="0" fontSize="10" />
            <WordsStyle name="COMMENT DOC" styleID="14" fgColor="679D47" bgColor="1A0F0B" fontName="" fontStyle="0" fontSize="10" />
            <WordsStyle name="COMMENT LINE DOC" styleID="15" fgColor="679D47" bgColor="1A0F0B" fontName="" fontStyle="0" fontSize="10" />
        </LexerType>
        <LexerType name="verilog" desc="Verilog" ext="">
            <WordsStyle name="DEFAULT" styleID="0" fgColor="C3BE98" bgColor="1A0F0B" fontName="" fontStyle="0" fontSize="10" />
            <WordsStyle name="IDENTIFIER" styleID="11" fgColor="D77261" bgColor="1A0F0B" fontName="" fontStyle="0" fontSize="10" />
            <WordsStyle name="TAGNAME" styleID="2" fgColor="6D4C2F" bgColor="1A0F0B" fontName="" fontStyle="0" fontSize="10" />
            <WordsStyle name="INSTRUCTION WORD" styleID="5" fgColor="F1E694" bgColor="1A0F0B" fontName="" fontStyle="0" fontSize="10" keywordClass="instre1" />
            <WordsStyle name="KEYWORD" styleID="7" fgColor="B3935C" bgColor="1A0F0B" fontName="" fontStyle="0" fontSize="10" keywordClass="type1" />
            <WordsStyle name="OPERATOR" styleID="10" fgColor="B3935C" bgColor="1A0F0B" fontName="" fontStyle="0" fontSize="10" />
            <WordsStyle name="NUMBER" styleID="4" fgColor="DA5659" bgColor="1A0F0B" fontName="" fontStyle="0" fontSize="10" />
            <WordsStyle name="PREPROCESSOR" styleID="9" fgColor="8996A8" bgColor="1A0F0B" fontName="" fontStyle="0" fontSize="10" />
            <WordsStyle name="STRING" styleID="6" fgColor="7CA563" bgColor="1A0F0B" fontName="" fontStyle="0" fontSize="10" />
            <WordsStyle name="COMMENT" styleID="1" fgColor="679D47" bgColor="1A0F0B" fontName="" fontStyle="0" fontSize="10" />
            <WordsStyle name="COMMENT LINE" styleID="2" fgColor="679D47" bgColor="1A0F0B" fontName="" fontStyle="0" fontSize="10" />
            <WordsStyle name="COMMENT LINE BANG" styleID="3" fgColor="679D47" bgColor="1A0F0B" fontName="" fontStyle="0" fontSize="10" />
            <WordsStyle name="STRING EOL" styleID="12" fgColor="7CA563" bgColor="1A0F0B" fontName="" fontStyle="0" fontSize="10" />
            <WordsStyle name="USER" styleID="19" fgColor="C3BE98" bgColor="1A0F0B" fontName="" fontStyle="0" fontSize="10" />
        </LexerType>
        <LexerType name="kix" desc="KiXtart" ext="">
            <!--
            <WordsStyle name="" styleID="0" fgColor="" bgColor="1A0F0B" fontName="" fontStyle="" fontSize="10" />
        -->
            <WordsStyle name="DEFAULT" styleID="31" fgColor="C3BE98" bgColor="1A0F0B" fontName="" fontStyle="0" fontSize="10" />
            <WordsStyle name="COMMENT" styleID="1" fgColor="679D47" bgColor="1A0F0B" fontName="" fontStyle="0" fontSize="10" />
            <WordsStyle name="STRING" styleID="2" fgColor="7CA563" bgColor="1A0F0B" fontName="" fontStyle="0" fontSize="10" />
            <WordsStyle name="STRING2" styleID="3" fgColor="7CA563" bgColor="1A0F0B" fontName="" fontStyle="0" fontSize="10" />
            <WordsStyle name="NUMBER" styleID="4" fgColor="DA5659" bgColor="1A0F0B" fontName="" fontStyle="0" fontSize="10" />
            <WordsStyle name="VAR" styleID="5" fgColor="C3BE98" bgColor="1A0F0B" fontName="" fontStyle="0" fontSize="10" />
            <WordsStyle name="MACRO" styleID="6" fgColor="C3BE98" bgColor="1A0F0B" fontName="" fontStyle="0" fontSize="10" keywordClass="instre2" />
            <WordsStyle name="INSTRUCTION WORD" styleID="7" fgColor="F1E694" bgColor="1A0F0B" fontName="" fontStyle="0" fontSize="10" keywordClass="instre1" />
            <WordsStyle name="FUNCTION" styleID="8" fgColor="C29863" bgColor="1A0F0B" fontName="" fontStyle="0" fontSize="10" keywordClass="type1" />
            <WordsStyle name="OPERATOR" styleID="9" fgColor="B3935C" bgColor="1A0F0B" fontName="" fontStyle="0" fontSize="10" />
        </LexerType>
        <LexerType name="autoit" desc="autoIt" ext="">
            <WordsStyle name="DEFAULT" styleID="0" fgColor="C3BE98" bgColor="1A0F0B" fontName="" fontStyle="0" fontSize="10" />
            <WordsStyle name="COMMENT LINE" styleID="1" fgColor="679D47" bgColor="1A0F0B" fontName="" fontStyle="0" fontSize="10" />
            <WordsStyle name="COMMENT" styleID="2" fgColor="679D47" bgColor="1A0F0B" fontName="" fontStyle="0" fontSize="10" />
            <WordsStyle name="NUMBER" styleID="3" fgColor="DA5659" bgColor="1A0F0B" fontName="" fontStyle="0" fontSize="10" />
            <WordsStyle name="FUNCTION" styleID="4" fgColor="C29863" bgColor="1A0F0B" fontName="" fontStyle="0" fontSize="10" keywordClass="instre2" />
            <WordsStyle name="INSTRUCTION WORD" styleID="5" fgColor="F1E694" bgColor="1A0F0B" fontName="" fontStyle="0" fontSize="10" keywordClass="instre1" />
            <WordsStyle name="MACRO" styleID="6" fgColor="C3BE98" bgColor="1A0F0B" fontName="" fontStyle="0" fontSize="10" keywordClass="type1" />
            <WordsStyle name="STRING" styleID="7" fgColor="7CA563" bgColor="1A0F0B" fontName="" fontStyle="0" fontSize="10" />
            <WordsStyle name="OPERATOR" styleID="8" fgColor="B3935C" bgColor="1A0F0B" fontName="" fontStyle="0" fontSize="10" />
            <WordsStyle name="VARIABLE" styleID="9" fgColor="7989A6" bgColor="1A0F0B" fontName="" fontStyle="0" fontSize="10" />
            <WordsStyle name="SENT" styleID="10" fgColor="C3BE98" bgColor="1A0F0B" fontName="" fontStyle="0" fontSize="10" keywordClass="type2" />
            <WordsStyle name="PREPROCESSOR" styleID="11" fgColor="8996A8" bgColor="1A0F0B" fontName="" fontStyle="0" fontSize="10" keywordClass="type3" />
            <WordsStyle name="SPECIAL" styleID="12" fgColor="C3BE98" bgColor="1A0F0B" fontName="" fontStyle="0" fontSize="10" keywordClass="type4" />
            <WordsStyle name="EXPAND" styleID="13" fgColor="C3BE98" bgColor="1A0F0B" fontName="" fontStyle="0" fontSize="10" keywordClass="type5" />
            <WordsStyle name="COMOBJ" styleID="14" fgColor="C3BE98" bgColor="1A0F0B" fontName="" fontStyle="0" fontSize="10" />
        </LexerType>
        <LexerType name="ada" desc="ADA" ext="">
            <WordsStyle name="DEFAULT" styleID="0" fgColor="C3BE98" bgColor="1A0F0B" fontName="" fontStyle="0" fontSize="10" />
            <WordsStyle name="INSTRUCTION WORD" styleID="1" fgColor="F1E694" bgColor="1A0F0B" fontName="" fontStyle="0" fontSize="10" keywordClass="instre1" />
            <WordsStyle name="IDENTIFIER" styleID="2" fgColor="D77261" bgColor="1A0F0B" fontName="" fontStyle="0" fontSize="10" />
            <WordsStyle name="NUMBER" styleID="3" fgColor="DA5659" bgColor="1A0F0B" fontName="" fontStyle="0" fontSize="10" />
            <WordsStyle name="DELIMITER" styleID="4" fgColor="C3BE98" bgColor="1A0F0B" fontName="" fontStyle="0" fontSize="10" />
            <WordsStyle name="CHARACTER" styleID="5" fgColor="7CA563" bgColor="1A0F0B" fontName="" fontStyle="0" fontSize="10" />
            <WordsStyle name="CHARACTER EOL" styleID="6" fgColor="C3BE98" bgColor="1A0F0B" fontName="" fontStyle="0" fontSize="10" />
            <WordsStyle name="STRING" styleID="7" fgColor="7CA563" bgColor="1A0F0B" fontName="" fontStyle="0" fontSize="10" />
            <WordsStyle name="STRING EOL" styleID="8" fgColor="7CA563" bgColor="1A0F0B" fontName="" fontStyle="0" fontSize="10" />
            <WordsStyle name="LABEL" styleID="9" fgColor="6D4C2F" bgColor="1A0F0B" fontName="" fontStyle="0" fontSize="10" />
            <WordsStyle name="COMMENT LINE" styleID="10" fgColor="679D47" bgColor="1A0F0B" fontName="" fontStyle="0" fontSize="10" />
            <WordsStyle name="ILLEGAL" styleID="11" fgColor="C3BE98" bgColor="1A0F0B" fontName="" fontStyle="0" fontSize="10" />
        </LexerType>
        <LexerType name="matlab" desc="Matlab" ext="">
            <WordsStyle name="DEFAULT" styleID="0" fgColor="C3BE98" bgColor="1A0F0B" fontName="" fontStyle="0" fontSize="10" />
            <WordsStyle name="COMMENT" styleID="1" fgColor="679D47" bgColor="1A0F0B" fontName="" fontStyle="0" fontSize="10" />
            <WordsStyle name="COMMAND" styleID="2" fgColor="D77261" bgColor="1A0F0B" fontName="" fontStyle="0" fontSize="10" />
            <WordsStyle name="NUMBER" styleID="3" fgColor="DA5659" bgColor="1A0F0B" fontName="" fontStyle="0" fontSize="10" />
            <WordsStyle name="INSTRUCTION WORD" styleID="4" fgColor="F1E694" bgColor="1A0F0B" fontName="" fontStyle="0" fontSize="10" keywordClass="instre1" />
            <WordsStyle name="STRING" styleID="5" fgColor="7CA563" bgColor="1A0F0B" fontName="" fontStyle="0" fontSize="10" />
            <WordsStyle name="OPERATOR" styleID="6" fgColor="B3935C" bgColor="1A0F0B" fontName="" fontStyle="0" fontSize="10" />
            <WordsStyle name="IDENTIFIER" styleID="7" fgColor="D77261" bgColor="1A0F0B" fontName="" fontStyle="0" fontSize="10" />
            <WordsStyle name="DOUBLE QUOTE STRING" styleID="8" fgColor="7CA563" bgColor="1A0F0B" fontName="" fontStyle="0" fontSize="10" />
        </LexerType>
        <LexerType name="haskell" desc="Haskell" ext="">
            <WordsStyle name="DEFAULT" styleID="0" fgColor="C3BE98" bgColor="1A0F0B" fontName="" fontStyle="0" fontSize="10" />
            <WordsStyle name="IDENTIFIER" styleID="1" fgColor="D77261" bgColor="1A0F0B" fontName="" fontStyle="0" fontSize="10" />
            <WordsStyle name="KEYWORD" styleID="2" fgColor="B3935C" bgColor="1A0F0B" fontName="" fontStyle="0" fontSize="10" />
            <WordsStyle name="NUMBER" styleID="3" fgColor="DA5659" bgColor="1A0F0B" fontName="" fontStyle="0" fontSize="10" />
            <WordsStyle name="STRING" styleID="4" fgColor="7CA563" bgColor="1A0F0B" fontName="" fontStyle="0" fontSize="10" />
            <WordsStyle name="CHARACTER" styleID="5" fgColor="7CA563" bgColor="1A0F0B" fontName="" fontStyle="0" fontSize="10" />
            <WordsStyle name="CLASS" styleID="6" fgColor="6D4C2F" bgColor="1A0F0B" fontName="" fontStyle="0" fontSize="10" />
            <WordsStyle name="MODULE" styleID="7" fgColor="C3BE98" bgColor="1A0F0B" fontName="" fontStyle="0" fontSize="10" />
            <WordsStyle name="CAPITAL" styleID="8" fgColor="C3BE98" bgColor="1A0F0B" fontName="" fontStyle="0" fontSize="10" />
            <WordsStyle name="DATA" styleID="9" fgColor="C3BE98" bgColor="1A0F0B" fontName="" fontStyle="0" fontSize="10" />
            <WordsStyle name="IMPORT" styleID="10" fgColor="C3BE98" bgColor="1A0F0B" fontName="" fontStyle="0" fontSize="10" />
            <WordsStyle name="OPERATOR" styleID="11" fgColor="B3935C" bgColor="1A0F0B" fontName="" fontStyle="0" fontSize="10" />
            <WordsStyle name="INSTANCE" styleID="12" fgColor="C3BE98" bgColor="1A0F0B" fontName="" fontStyle="0" fontSize="10" />
            <WordsStyle name="COMMENTLINE" styleID="13" fgColor="679D47" bgColor="1A0F0B" fontName="" fontStyle="0" fontSize="10" />
            <WordsStyle name="COMMENTBLOCK" styleID="14" fgColor="679D47" bgColor="1A0F0B" fontName="" fontStyle="0" fontSize="10" />
            <WordsStyle name="COMMENTBLOCK2" styleID="15" fgColor="679D47" bgColor="1A0F0B" fontName="" fontStyle="0" fontSize="10" />
            <WordsStyle name="COMMENTBLOCK3" styleID="16" fgColor="679D47" bgColor="1A0F0B" fontName="" fontStyle="0" fontSize="10" />
        </LexerType>
        <LexerType name="inno" desc="InnoSetup" ext="">
            <WordsStyle name="DEFAULT" styleID="0" fgColor="C3BE98" bgColor="1A0F0B" fontName="" fontStyle="0" fontSize="10" />
            <WordsStyle name="COMMENT" styleID="1" fgColor="679D47" bgColor="1A0F0B" fontName="" fontStyle="0" fontSize="10" />
            <WordsStyle name="KEYWORD" styleID="2" fgColor="B3935C" bgColor="1A0F0B" fontName="" fontStyle="0" fontSize="10" keywordClass="instre2" />
            <WordsStyle name="PARAMETER" styleID="3" fgColor="C3BE98" bgColor="1A0F0B" fontName="" fontStyle="0" fontSize="10" keywordClass="type1" />
            <WordsStyle name="SECTION" styleID="4" fgColor="6D4C2F" bgColor="1A0F0B" fontName="" fontStyle="0" fontSize="10" keywordClass="instre1" />
            <WordsStyle name="PREPROCESSOR" styleID="5" fgColor="8996A8" bgColor="1A0F0B" fontName="" fontStyle="0" fontSize="10" keywordClass="type2" />
            <WordsStyle name="PREPROCESSOR INLINE" styleID="6" fgColor="C3BE98" bgColor="1A0F0B" fontName="" fontStyle="0" fontSize="10" />
            <WordsStyle name="COMMENT PASCAL" styleID="7" fgColor="679D47" bgColor="1A0F0B" fontName="" fontStyle="0" fontSize="10" />
            <WordsStyle name="KEYWORD PASCAL" styleID="8" fgColor="B3935C" bgColor="1A0F0B" fontName="" fontStyle="0" fontSize="10" keywordClass="type3" />
            <WordsStyle name="KEYWORD USER" styleID="9" fgColor="B3935C" bgColor="1A0F0B" fontName="" fontStyle="0" fontSize="10" keywordClass="type4" />
            <WordsStyle name="STRING DOUBLE" styleID="10" fgColor="7CA563" bgColor="1A0F0B" fontName="" fontStyle="0" fontSize="10" />
            <WordsStyle name="STRING SINGLE" styleID="11" fgColor="7CA563" bgColor="1A0F0B" fontName="" fontStyle="0" fontSize="10" />
            <WordsStyle name="IDENTIFIER" styleID="12" fgColor="D77261" bgColor="1A0F0B" fontName="" fontStyle="0" fontSize="10" />
        </LexerType>
        <LexerType name="cmake" desc="CMakeFile" ext="cmake">
            <WordsStyle name="DEFAULT" styleID="0" fgColor="C3BE98" bgColor="1A0F0B" fontName="" fontStyle="0" fontSize="10" />
            <WordsStyle name="COMMENT" styleID="1" fgColor="679D47" bgColor="1A0F0B" fontName="" fontStyle="0" fontSize="10" />
            <WordsStyle name="STRING D" styleID="2" fgColor="7CA563" bgColor="1A0F0B" fontName="" fontStyle="0" fontSize="10" />
            <WordsStyle name="STRING L" styleID="3" fgColor="7CA563" bgColor="1A0F0B" fontName="" fontStyle="0" fontSize="10" />
            <WordsStyle name="STRING R" styleID="4" fgColor="7CA563" bgColor="1A0F0B" fontName="" fontStyle="0" fontSize="10" />
            <WordsStyle name="COMMAND" styleID="5" fgColor="D77261" bgColor="1A0F0B" fontName="" fontStyle="0" fontSize="10" keywordClass="instre1" />
            <WordsStyle name="PARAMETER" styleID="6" fgColor="C3BE98" bgColor="1A0F0B" fontName="" fontStyle="0" fontSize="10" />
            <WordsStyle name="VARIABLE" styleID="7" fgColor="7989A6" bgColor="1A0F0B" fontName="" fontStyle="0" fontSize="10" />
            <WordsStyle name="USER DEFINED" styleID="8" fgColor="C3BE98" bgColor="1A0F0B" fontName="" fontStyle="0" fontSize="10" keywordClass="type1" />
            <WordsStyle name="WHILEDEF" styleID="9" fgColor="C3BE98" bgColor="1A0F0B" fontName="" fontStyle="0" fontSize="10" />
            <WordsStyle name="FOREACHDEF" styleID="10" fgColor="C3BE98" bgColor="1A0F0B" fontName="" fontStyle="0" fontSize="10" />
            <WordsStyle name="IFDEF" styleID="11" fgColor="C3BE98" bgColor="1A0F0B" fontName="" fontStyle="0" fontSize="10" />
            <WordsStyle name="MACRODEF" styleID="12" fgColor="C3BE98" bgColor="1A0F0B" fontName="" fontStyle="0" fontSize="10" />
            <WordsStyle name="STRING VARIABLE" styleID="13" fgColor="7CA563" bgColor="1A0F0B" fontName="" fontStyle="0" fontSize="10" />
            <WordsStyle name="NUMBER" styleID="14" fgColor="DA5659" bgColor="1A0F0B" fontName="" fontStyle="0" fontSize="10" />
        </LexerType>
        <LexerType name="searchResult" desc="Search result" ext="">
            <WordsStyle name="Search Header" styleID="1" fgColor="000080" bgColor="BBBBFF" fontName="" fontStyle="1" fontSize="" />
            <WordsStyle name="File Header" styleID="2" fgColor="008000" bgColor="D5FFD5" fontName="" fontStyle="1" fontSize="" />
            <WordsStyle name="Line Number" styleID="3" fgColor="000000" bgColor="FFFFFF" fontName="" fontStyle="0" fontSize="" />
            <WordsStyle name="Hit Word" styleID="4" fgColor="FF0000" bgColor="FFFFBF" fontName="" fontStyle="0" fontSize="" />
            <WordsStyle name="Selected Line" styleID="5" fgColor="000080" bgColor="FFFF4F" fontName="" fontStyle="0" fontSize="">if else for while</WordsStyle>
            <WordsStyle name="Current line background colour" styleID="6" bgColor="E8E8FF" fgColor="0080FF" fontSize="" fontStyle="0">bool long int char</WordsStyle>
        </LexerType>
    </LexerStyles>
    <GlobalStyles>
        <!-- Attention : Don't modify the name of styleID="0" -->
        <WidgetStyle name="Global override" styleID="0" fgColor="C3BE98" bgColor="1A0F0B" fontName="DejaVu Sans Mono" fontStyle="0" fontSize="10" />
        <WidgetStyle name="Default Style" styleID="32" fgColor="C3BE98" bgColor="1A0F0B" fontName="DejaVu Sans Mono" fontStyle="0" fontSize="10" />
        <WidgetStyle name="Indent guideline style" styleID="37" fgColor="888A85" bgColor="1A0F0B" fontName="" fontStyle="0" fontSize="10" />
        <WidgetStyle name="Brace highlight style" styleID="34" fgColor="FCE94F" bgColor="1A0F0B" fontName="" fontStyle="1" fontSize="10" />
        <WidgetStyle name="Bad brace colour" styleID="35" fgColor="EF2929" bgColor="1A0F0B" fontName="" fontStyle="0" fontSize="10" />
        <WidgetStyle name="Current line background colour" styleID="0" bgColor="281711" />
        <!-- In below rule 'fgColor' attribute for 'Selected text colour' can be unlocked with a enableSelectFgColor.xml file -->
        <WidgetStyle name="Selected text colour" styleID="0" bgColor="372017" fgColor="8000FF" />
        <WidgetStyle name="Caret colour" styleID="2069" fgColor="A7A7A7" />
        <WidgetStyle name="Edge colour" styleID="0" fgColor="EEEEEC" />
        <WidgetStyle name="Line number margin" styleID="33" fgColor="EEEEEC" bgColor="2E3436" fontName="" fontStyle="0" fontSize="8" />
        <WidgetStyle name="Bookmark margin" styleID="0" bgColor="2E3436" />
        <WidgetStyle name="Change History margin" styleID="0" bgColor="2E3436" />
        <WidgetStyle name="Fold" styleID="0" fgColor="2E3436" bgColor="EEEEEC" />
        <WidgetStyle name="Fold active" styleID="0" fgColor="2E3436" />
        <WidgetStyle name="Fold margin" styleID="0" fgColor="555753" bgColor="2E3436" />
        <WidgetStyle name="White space symbol" styleID="0" fgColor="FCAF3E" />
        <WidgetStyle name="Smart Highlighting" styleID="29" bgColor="00FF00" />
        <WidgetStyle name="Find Mark Style" styleID="31" bgColor="EDD400" />
        <WidgetStyle name="Mark Style 1" styleID="25" bgColor="00FFFF" />
        <WidgetStyle name="Mark Style 2" styleID="24" bgColor="FF8000" />
        <WidgetStyle name="Mark Style 3" styleID="23" bgColor="FFFF00" />
        <WidgetStyle name="Mark Style 4" styleID="22" bgColor="8000FF" />
        <WidgetStyle name="Mark Style 5" styleID="21" bgColor="008000" />
        <WidgetStyle name="Incremental highlight all" styleID="28" bgColor="0080FF" />
        <WidgetStyle name="Tags match highlighting" styleID="27" bgColor="972FFF" />
        <WidgetStyle name="Tags attribute" styleID="26" bgColor="FFFF00" />
        <WidgetStyle name="Active tab focused indicator" styleID="0" fgColor="FAAA3C" />
        <WidgetStyle name="Active tab unfocused indicator" styleID="0" fgColor="FFCAB0" />
        <WidgetStyle name="Active tab text" styleID="0" fgColor="000000" />
        <WidgetStyle name="Inactive tabs" styleID="0" fgColor="808080" bgColor="C0C0C0" />
        <WidgetStyle name="URL hovered" styleID="0" fgColor="FFFFFF" />
        <WidgetStyle name="Document map" styleID="0" fgColor="C3BE98" bgColor="1A0F0B" />
        <WidgetStyle name="EOL custom color" styleID="0" fgColor="808080" />
    </GlobalStyles>
</NotepadPlus>
